,cafe_name,review,rating
0,책발전소 광교점,분위기는 좋은 것 같음음료는 무난,5
0,책발전소 광교점,,5
0,책발전소 광교점,내 최애 카페😆 커피도 진짜 맛있음!자리가 편하진 않지만 흘러나오는 노래도 너무 좋고향기도 좋고직원들의 서평도 재밌다!나의 독서욕구를 다시 일으켜준 소중한 카페😍,5
0,책발전소 광교점,분위기는 좋지만 책 읽는 공간은 아쉬움,4
0,책발전소 광교점,책 종류가 엄청 많은 것도 아니지만 소소하게 추천해준 책 목록이나 문구들을 볼 수 있어서 좋아요. 앉아 있을만한 카페는 아닙니다. 그냥 문구류나 도서 구입하고 쓱 나오는게 나은 구조.,4
0,책발전소 광교점,커피맛은 영 아니네요4500원짜리 커피500원치 마시다 나옴,3
0,책발전소 광교점,커피 맛은 그냥 그랬으나 힐링공간입니다.,4
0,책발전소 광교점,책이 찾기 쉽게 잘 꾸며진 공간입니다.,5
0,책발전소 광교점,와이파이 못씀 작업하실분들 복불복이니까 참고 그냥 안돼 근데 복불복 개선 없음,2
0,책발전소 광교점,,4
0,책발전소 광교점,,5
0,책발전소 광교점,곳곳에 직원분들이 쓴 띠지로 다정한 책 큐레이션이 가득하고 무엇보다 쿠키 맛집이에요! 날씨가 좋으면 가장 먼저 생각나는 곳 :-),5
0,책발전소 광교점,책도 꽤 있고 소품 등등 구경할 게 많아서 좋긴 한데 커피나 디저트가 맛있진 않네요 그냥저냥입니다특히 밀크티는 밍밍한 맛이라 비추요,3
0,책발전소 광교점,카카오맵 주소 틀렸어요. 네이버 보고 가세요. 이것때문에 한참 헤맴 공간은 좋아요,1
0,책발전소 광교점,집 근처에 이런 곳이 있어서 너무너무 좋아요 :) 자주 방문하고 있습니다!,5
0,책발전소 광교점,"분위기 좋고, 다 맛있음. 다만 슈퍼말차라떼는 말차러버에게도 어색한 쌉싸름이라 다음엔 다른 거 먹을 듯. 쿠키 맛있음 초코가 아주 알참. 구경거리 많고 책도 볼 수 있어서 좋당. 커피는 신맛이 있음",5
0,책발전소 광교점,거진 앨리웨이를 가는 목적 - 언커먼 = 책발전소,4
0,책발전소 광교점,앨리웨이들릴때마다 가는곳,5
0,책발전소 광교점,시간 가는줄 모르는 곳..!,5
0,책발전소 광교점,책 종류가 생각보다 많아서 둘러보러가기 좋아요 공간도 생각보다 넓어요,3
0,책발전소 광교점,쿠키 맛있어요!책도 생각보다 다양하고 분위기도 좋네요,5
0,책발전소 광교점,,2
0,책발전소 광교점,책방+카페인데 댄스음악이 엄청난 볼륨으로 계속 나와서 머리가 너무 아팠어요.. 공간 컨셉에 맞게 플레이리스트와 볼륨에 더 신경써주셨으면 합니다.,3
0,책발전소 광교점,책 분류 잘해놓고 쿠키 맛있습니다. 굿즈도 예쁜거 많아요,5
0,책발전소 광교점,,5
0,책발전소 광교점,생각보다 더 좋네요음악소리는 좀 큰듯,5
0,책발전소 광교점,다 좋았어요,4
0,책발전소 광교점,분위기 좋아요,5
0,책발전소 광교점,"책 진열도, 구성도 깔끔하고 세련됐어요:) 밀크티도 맛있었습니다~",5
0,책발전소 광교점,책 고르기 쉽게 사장님 남편분께서 세심하게 적어놓은 글귀가 참 좋네요.근데 시간 떼우려 추위 피하려 들어와 음료 하나 안시키고 자리에 앉아 핸드폰만 하시다가 가는 분들은 뭔지..,5
0,책발전소 광교점,,5
0,책발전소 광교점,,5
0,책발전소 광교점,두고두고 가고싶어요,5
0,책발전소 광교점,쾌적 갑입니다요 나 왜 광교사람 아니지 ㅠㅜ,5
0,책발전소 광교점,,4
0,책발전소 광교점,다 좋다. 자리만 차지하고 앉아서 수다 떠는 아줌마들만 없으면. 엘리웨이 도처에 널린 게 카페인데 메뉴 하나 안 시키고 '무더위 쉼터'처럼 죽치고 앉아서 수다만 떤다. 책 읽는 사람들은 아랑곳하지 않고.,3
0,책발전소 광교점,"너무 행복한 시간 보내다 가요!! 카페음악 선정도 너무 좋고, 이번에 입구에 새로 꾸며놓은 노란 꽃 데코도 정말 예뻐요.",5
0,책발전소 광교점,"책 큐레이팅이 너무 좋아요~ 대형서점처럼 신간, 베스트셀러 위주가 아닌 내용이 정말 좋은 책, 묻히기 아까운책이 메인으로 진열되는 점이 좋습니다. 갈때마다 힐링하고 옵니다",5
0,책발전소 광교점,커피가 싼편은 아닌데 가끔 가기 좋아요,4
0,책발전소 광교점,아늑하구 따뜻하고 좋았어요,5
0,책발전소 광교점,커피는 드시지마시고 책만 구경하세욤ㅎㅎ책이랑 문구랑해서 구경할 거리는 참 많아요!커피는 탄맛이 강했어요.,3
0,책발전소 광교점,very brusque shopgirl.....,1
0,책발전소 광교점,대박!!! 이렇게 좋은 곳이~~~ (^^)/,5
0,책발전소 광교점,Book Café by 오 상진 & 김 소영 Also in Weerye,3
0,커피 바이브,라떼피크 넘 맛나요,5
0,커피 바이브,,5
0,커피 바이브,분위기 커피맛 서비스 모두 만족,5
0,커피 바이브,내부 작긴한데 야외 좌석이 좋아요땅콩크림 그 시그니쳐는 그닥 제 취향은 아닌 듯...다만 비엔나커피나 라떼는 맛잇습니다친절하시고 좋아요나쁘지는 않으나 저에겐 좁은 좌석과 내부 때문에답답한 느낌도 들고 편안하게 대화하긴 좀어렵게 느껴지네요,3
0,커피 바이브,우리동네 최애 카페,4
0,커피 바이브,땅콩크림커피? 맛있어요! 그리고 직원분들 모두 너무 친절해요,4
0,커피 바이브,"항상 커피 맛있고 직원분들도 친절하시고 좋음,, 다만 유일한 단점은.. 내부가 너무 좁다는 거ㅠㅠ",5
0,커피 바이브,이름대로 커피 마시기 좋은 바이브이고 광교에서 원탑입니다!!!,5
0,커피 바이브,너무 맛있어요 광교호수공원 최 애 커피맛집이에요 ♥,5
0,커피 바이브,참말로 맛있어요 ㅠㅠ,5
0,커피 바이브,커피 너무 맛있어요자주 가지는 못해도 갈때마다 두잔 기본이네요,5
0,커피 바이브,커피가 맛있습니다바깥 테이블도 있어서 잠시 커피마시고 가기에 괜찮습니다시그니처 메뉴도 특이해서 괜찮고싱글 오리진 원두가 보통 가게에서 쓰지않는 원두라서 좋았습니다 만약에 주기적으로 원두가 바뀐다면자주가고 싶네요추천합니다,5
0,커피 바이브,커피가 맛있어서 좁지만 갑니다,5
0,커피 바이브,"아인슈페너, 비엔나커피! 제가 먹어본 크림중에 가장 쫀득쫀득하고 맛있어요다음엔 다른 커피도 먹어볼게요!!",5
0,커피 바이브,,4
0,커피 바이브,커피가 괜찮고 자리는 좀 좁아서 아쉬움,4
0,커피 바이브,분위기 좋아요 ㅎㅎ,4
0,커피 바이브,,5
0,커피 바이브,라떼피크 넘 맛있네여 ㅎㅎ,5
0,커피 바이브,,5
0,커피 바이브,,5
0,커피 바이브,친구와 함께 라떼 피크를 마셨어요. 너무 맛있어요.,5
0,커피 바이브,정말 정성이 느껴집니다,4
0,커피 바이브,,5
0,커피 바이브,커피맛 린덩◡̈ 맛있어욘,5
0,커피 바이브,작은가게에 손님이 많아서 놀랐는데 마셔보니 이유를 알겠네요. 커피맛집입니다. 비엔나랑 플랫화이트 둘다 너무 꼬소하고 맛있어요,5
0,커피 바이브,라떼피크 엄청 고소하고 맛있어요친절하시고 또 가고 싶은 맛입니다,5
0,커피 바이브,커피 진짜 맛있고 사장님도 친절하세요.,5
0,커피 바이브,정성과 진심이 느껴지는 커피 맛입니다. 커피 종류에 대해 설명도 잘해주십니다,5
0,커피 바이브,광교호수공원앞 힙하고 꼬소한 라떼를 찾으신다면 여기로..,4
0,커피 바이브,카페 예쁘고 음료도 맛있고 친절하세요 :),5
0,커피 바이브,광교에서 커피 젤 잘하는집,5
0,커피 바이브,맛있어요!!!!!! 사장님 능력자!!,5
0,커피 바이브,카페가 작지만 이뻤어요 ~ ! 커피 마시고 호수공원 걷기 좋아용,5
0,커피 바이브,조용한 분위기 맛도 괜찮고 친절,4
0,커피 바이브,깔끔하고 친절하셨다,4
0,커피 바이브,"커피맛 인테리어 깔끔, 친절함!",4
0,카페드단아한 광교본점,런치메뉴 먹으면 가성비가 내려요. 제 값에 먹기엔 다른 브런치가게보다 양이 적음. 일찍 열어서 모임하기 좋음.,3
0,카페드단아한 광교본점,샐러드와 베네딕트를 주문했는데 베네딕트는 걍 그럭저럭.. 근데 샐러드는 무슨 소금 퍼먹는 줄 알았어요. 로메인을 아예 씻어서 다시 만들어야 하는 수준이더라고요. 상추를 더 받으려고 들어갔더니 요리를 알바생들이 하던데.. 돈이 너무 아까웠습니다.,2
0,카페드단아한 광교본점,이 집에서 제일 맛있는건 로제파스타에 곁들여 나온 마늘빵조각뿐….ㅠ,1
0,카페드단아한 광교본점,굿,3
0,카페드단아한 광교본점,아아 테이크아웃했는데 얼음 다녹고 커피가 맛없어요,1
0,카페드단아한 광교본점,너무 불친절…,1
0,카페드단아한 광교본점,짱 맛있어요ㅎㅎ,5
0,카페드단아한 광교본점,가격은 비싼거에비해 맛은 평범. 손님도없는데  늦게나와서 짜증남.,1
0,카페드단아한 광교본점,다들 리뷰에서 맛잇다고 하셨던 아보카도 프리미엄? 맞나? ㅜㅜ 이거 시키고 크림파스타시켰는데 역시나! 맛있네요 ㅎㅎㅎㅎ 차타고 30분 왔는데 카페 분위기도 좋고 ^^ 먹고 근처 갤러리아 갔어용 ㅎ 근데 아보카도 요건 생각보다 양이 많아서 남겼구요 쬐애애꼼 느끼하더라구요~ 그래도 맛있음!!^^,4
0,카페드단아한 광교본점,The salad was really good.,5
0,카페드단아한 광교본점,친절하고 맛있었습니다!10년전 엔티크가 생각날정도네요,5
0,카페드단아한 광교본점,괜찮은거같아요,4
0,카페드단아한 광교본점,보통이에요,3
0,카페드단아한 광교본점,별점 다 알바인지남직원 눈흘기고 불친절하고 ㅜ기대 많이했는데 맛없어요..특히 미트볼파스타 미트볼에 딱딱한거 있고 ㅠ 비추입니다ㅜ,2
0,카페드단아한 광교본점,가성비 좋고 맛있어요!!!,5
0,카페드단아한 광교본점,아보카도랑 커피가 맛있음,5
0,카페드단아한 광교본점,Brunch,3
0,카페드단아한 광교본점,,2
0,카페드단아한 광교본점,,5
0,카페드단아한 광교본점,엄청 친절해요! 손님이 요구하지 않아도 먼저 배려해주어서 감동였어요~,5
0,카페드단아한 광교본점,,5
0,카페드단아한 광교본점,맛있고 친절해요,5
0,블레스롤 광교카페거리점,케익가격이 살짝 사악하지만 맛있으니 OK분위기 좋고 친절하고 자리가 많아 좋음,5
0,블레스롤 광교카페거리점,오랜만에 갔는데 전에 느끼지 못한 친절함에 살짝 어색했는데 점주분이 바뀌셨네용! 인사도 밝게 해주시고 메뉴 설명도 친절히 해주셔서 정말 기분좋게 잘 먹구 갑니다😁,5
0,블레스롤 광교카페거리점,"점주가 바뀌셨군요. 점주님이 바뀌셨다니 조만간 재방문해보고 리뷰를 다시 남기겠습니다.몇년 전 학생 시절 아르바이트 지원서를 받고는 합불 연락도 주지 않아서 되게 열심히 써낸 이력서가 민망했던 기억이 납니다. 그래서 왜 연락을 주지 않는지 여쭤보니 답도 민망하게 왔어서.. 어떤 가게인가 궁금해서 친구들이랑 갔었습니다.그때는 가게 위생도 별로고 맛도 해동되다만 느낌이었고, 재방문시에도 상태가 똑같았어서 이후 더 방문 하지는 않았는데, 점주님도 바뀌셨으니 맛있고 청결하면 좋겠습니다. 기대하고 가보겠습니다. 화이팅!!",5
0,블레스롤 광교카페거리점,22년 4월 새로운 점주 인사드립니다친절하고 깨끗하고 맛있는멋스러운 카페로 기억속 남길수 있도록 하겠습니다입안의 축복 프리미엄 디저트카페 카페블레스롤 광교카페거리점 이용해주시면 친절하게 모시겠습니다,5
0,블레스롤 광교카페거리점,,5
0,블레스롤 광교카페거리점,분위기도 좋고 케잌도 특색있어서 좋아요!,5
0,블레스롤 광교카페거리점,분위기가 좋고 롤이 넘 맛있어서 항상 먹어염광교가면 자주가는 카페,5
0,블레스롤 광교카페거리점,롤케이크 전문점이라 해서 음료는 기대 안 했는데맛있고 메뉴가 많아요,5
0,블레스롤 광교카페거리점,,5
0,블레스롤 광교카페거리점,,5
0,블레스롤 광교카페거리점,,5
0,블레스롤 광교카페거리점,알바생이 친절하시고 스무디가 맛있어요! 가끔씩 롤케익이 생각날때마다 들리는데 예전보다 데코도 예뻐지고 맛도 좋아진느낌임ㅎㅎ 내픽존맛은 초코아이스크림이랑 딸기스무디,5
0,블레스롤 광교카페거리점,,5
0,블레스롤 광교카페거리점,하트롤 짱!,5
0,블레스롤 광교카페거리점,밀크티라떼 맛집,5
0,블레스롤 광교카페거리점,친절하셨어요,5
0,블레스롤 광교카페거리점,"근처 카페들 둘러보며 어디갈까 고민하다 들어왔는데, 커피 진심 찐 맛있어요!!!!!!",5
0,블레스롤 광교카페거리점,아이스크림이 맛있어요,5
0,블레스롤 광교카페거리점,마카롱파르페가 조금실망.마카롱이 아까우셨나봄.초코첵스와 오레오만 많음.나중엔 첵스만 남음.내가 마카롱파르페를 먹으러 온건지첵스를 먹으러 온 건지...쿠크다스 소프트콘은 만족.5점만점에 2.5점.2.5점도 소프트콘때문에 주는 점수,2
0,블레스롤 광교카페거리점,,2
0,블레스롤 광교카페거리점,,4
0,블레스롤 광교카페거리점,,3
0,블레스롤 광교카페거리점,Coffee & Roll,3
0,블레스롤 광교카페거리점,아메리카노가 2가지 맛인데 꽤 괜찮고 양도 많아요. 광교까페거리가 커피값이 전반적으로 넘 비싸던데 합리적이었습니다. 롤케잌은 생긴건 화려해보여서 먹고싶단 생각안들었는데 한번 먹어보니 꽤 맛있었어요. 얼려먹어도 맛있어서 몇번 선물용으로 구매했어요. 근데 가격이 넘 비싸요.. ㅠㅠ,4
0,블레스롤 광교카페거리점,,3
0,프로마쥬블랑,남자사장이 너무 불친절한데 케이크가 맛있어서 짜증나는 곳. 들어가서 주문할 때마다 진짜 다신 안와야지 하는데 케이크 한입 먹으면 아 진짜 짜증나. 또 와야하나…근데 그 사장은 왜그렇게 불친절하고 매사에 화가 나 있어요? 진짜 이해불가.. 장사가 안될때도 화가 나 있더니 장사가 잘될때도 변함없이 불친절..,3
0,프로마쥬블랑,알바가 냉냉하다는 평가가있지만포장하는 사람들에게 일일이어떻게 보관해야하는지 알려주셨고자기들이 만들만큼만 빵만드는 것으로 보였음친구가 주문시에 미리 포장주문 요청했던바스크 치즈케이크를 미리 말하지 않아도 냉장 보관해주시는 걸 보면서 일단 좋아보였음빵이 탔는데도 그대로 진열해두고 판매하는거보단 나아보임...( 잘되는빵집들.. 가끔이러면 황당함..)지금 빵집 잘되는데 자신들이 할수 있을만큼 앞으로도 맛에대한 지금마음 잘 유지할 수 있게 해줬으면함,5
0,프로마쥬블랑,티라미슈 밖에 안 남아서 먹어봤는데 확실히 기본에 충실해서 만든 맛이더라고요. (가격은 조그음 비싼거 같기도 하고 한국 마스카포네 치즈 가격을 생각하면 맞는거 같기도하고...) 담에 가서 다른 케이크도 먹어보고 싶네요.,4
0,프로마쥬블랑,자리가 있는데도 음식을 먹지 않고 나온적은 처음이네요...ㅠㅠ와이프가 추천해서 갔는데두명자리에 네명이 앉았더니다른사람 다니기 불편하다고 두명씩 따로 앉으라고 하네요공간이 없는 것도 아닌데...자리를 셋팅해주지는 못할 망정우리가 의자 가져다 앉는 것도못마땅하다는 듯 대하는 태도가 너무 불쾌해서 그냥 나왔네요...맛이 어떤지 모르겠지만 TV에 나왔다고이렇게 손님을 가려 받는 듯한 느낌을 주다니살면서 이런 곳이 주목받는 건 참을 수가 없네요.,1
0,프로마쥬블랑,토밥에 나와서 기대하고 갔는데 거의 다 팔렸어요.. 단호박 바스크랑 프레지에 먹었는데 가격 대비 별로고 음료도 맛 없네요...ㅠ 좀 돈 아까웠어요..,3
0,프로마쥬블랑,쏘쏘,4
0,프로마쥬블랑,불친절해서 안가게됨.. 맛도 그냥 그래요,2
0,프로마쥬블랑,"자몽스퀴시 맛있어요,,,",5
0,프로마쥬블랑,티라미수 보단 크로플이 더 맛있어용,4
0,프로마쥬블랑,티라미수 맛집,5
0,프로마쥬블랑,빙수맛집 크로플맛집 티라미수 존맛탱 수원 신동 최고의까페!!!,5
0,프로마쥬블랑,음식은 맛있는데 일하는사람들 개불친절,1
0,프로마쥬블랑,위생에 좀 더 신경쓰시길 바랍니다. 핸드폰 만지고 머리 긁다가 커피 내리고케익 접시 위로 손가락 닿고 서버는 손잡이가 아닌 음식물 닿는 쪽으로 씻지 않은 손으로 잡아서 불결한 느낌,1
0,프로마쥬블랑,분위기 좋습니다. - 카이스트치과의원 올림,5
0,프로마쥬블랑,,5
0,프로마쥬블랑,,4
0,프로마쥬블랑,인생티라미수집,5
0,프로마쥬블랑,티라미수가 유명하던데 저는 치즈케이크가 더 맛있었습니다. 꽝꽝 얼어서 나오지만요 ^^;,4
0,프로마쥬블랑,까눌레 맛있어요,5
0,프로마쥬블랑,리뷰에 딸기롤케이크가 있어서 찾아갔는데 제가 갔을때는 없었어요. 그래서 까늘레랑 휘낭시에 먹었는데 휘낭시에 진짜 너무 맛있는거 아닙니까;; 매장크기는 크지 않고 가게안에 매우 귀염뽀짝한 리트리버가 있어요. 동물냄새가 난다고 느껴지지 않은거보면 제가 둔하거나 관리를 잘하셨거나 둘중 하나입니다. 전반적으로 청결한거보면 관리를 잘하신거같아요ㅎㅎ 음료 양도 많았고 음악이 조용한 BGM처럼 나와서 좀 쳐졌지만 좋았습니다. 왜냐면 휘낭시에가 맛있기때문이죠. 두번사드세요..,4
0,프로마쥬블랑,커피하고 디저트가 맛좋습니다!!,4
0,벤더룰스,흑임자 파운드 맛있는데...왜이케 작아...ㅜㅜ,4
0,벤더룰스,"티라미수 하나만 보고 갔는데, 와! 한 입 넣는 순간 크림의 시원함이! 왜 리뷰들이 티라미수 맛있다고 했는지 바로 이해했어요. 포장으로 주문했던지라 버스 기다릴 동안 잠시 앉아서 반 정도만 먹자는 마음이었는데 먹다보니 금세 다 먹어버렸습니다. 커피도 따로 안 시켰는데 더운 날 아기랑 갔었기 때문인지 사장님께서 얼음물까지 따로 내주셨어요. 감사합니다",5
0,벤더룰스,티라미수 너무 맛있고 분위기도 좋네요자리마다 콘센트가 있어서 사장님 센스가 좋다고 생각했어요. 공부할만한 자리와 쉴자리 둘 다 있어서 좋습니다!! 자주갈거 같아요,5
0,벤더룰스,안경쓴 직원분이 달달했고 티라미수랑 음료수가 친절해써요 : ),5
0,벤더룰스,"티라미수 정말 맛있고 크리미라떼 정말 좋아하던 곳이었는데,,, 사장님이 바뀌셨는지 노래도 웬 마더뻐커 하는 집중하기 힘든 음악들만 나오고 감성이 뭔가 변했어요….ㅠ 속상합니다",3
0,벤더룰스,라떼가 맛잇어염 츄릅,5
0,벤더룰스,분위기 좋고 깔끔하고 라떼도 맛있어요,5
0,벤더룰스,블랙블랙하네요,5
0,벤더룰스,매장 분위기도 넘 좋고 사장님도 친절해요! 티라미슈  존맛탱,5
0,벤더룰스,최고 :),5
0,벤더룰스,인생 티라미수에여ㅠㅠㅠㅠㅠ 젊은 사장님? 직원분도 열심히 하셔서 보기좋은곳ㅋㅋ 티라미수 먹으러 또 갈게요!,5
0,벤더룰스,애기가 여기 티라미스만 먹어요 저랑 와이프는 콜드브루에 빠져버렸네요 jmt,5
0,벤더룰스,티라미수 인생맛집!!,5
0,벤더룰스,남직원인지 사장님인지 좀 불친절하고 매장이 너무 어두운데 스탠드 불빛이 탁자 가운데 쨍해서 눈아프고 노래 소리 너무 시끄러움. 음료랑 디저트는 맛있음,3
0,벤더룰스,,5
0,벤더룰스,다 좋은 데 노래 소리 너무 큽니다 작업은 물론 대화할 때도 묻혀요,4
0,벤더룰스,Dessert,3
0,벤더룰스,동네에 우연히 찾아서 갔는데 분위기도 이쁘고 기본 티라미수케이크 jmt 여러번 더 갈 것 같습니다,4
0,벤더룰스,크림라떼 너무 맛있어요 크림이 안녹고 쫀쫀해서 좋네요 인테리어도 넘나 제 취향 근데 음악소리 조금만 줄여주셨으면 좋겠어요ㅠ제 일에 집중이 어렵더라구용...,5
0,벤더룰스,,5
0,벤더룰스,공간이 작은 것에 비해 스피커 소리가 너무 크긴 해요 하지만 커피도 맛있고 스무디 종류도 맛있어서 자주 갔어요!,5
0,벤더룰스,점심마다 가는곳. 분위기 힙해서 좋음. 커피맛 좋고,5
0,벤더룰스,분위기가 정말 좋아요 :-) 별점이 왜이리 낮은지.. 제가 다 속상하네요 ㅜ조용하고 커피도 맛있고 노래들으며 휴식하기 짱이네요 크림커피 강추입니당 크림이 달지않고 쫀쫀하니 짱이에요 추천추천추천드립니당,5
0,벤더룰스,,5
0,벤더룰스,디저트를 카페에서 직접 만드시는 것 같더라구요!흑임자 파운드가 특히 맛있었어용☺️테이블 간격도 널찍널찍해서 카페 분위기가 전체적으로 쾌적합니다 ㅎ직원분도 넘 친절해서 기분좋게 다녀왔어용,5
0,벤더룰스,"별점테러 뭐징 친절하시고 맛있고 분위기도 좋구 넘 좋은디용,,,,,,,,",5
0,벤더룰스,맛있어요. 불친절이란 말은 어디서 나오는지 모르겠네요..,5
0,벤더룰스,스모어딥먹고싶어서 갔는데 분위기도 좋고 맛도 좋아요. 사장님 불친절은 잘모르겠습니다. 저희는 괜찮았습니다.,4
0,벤더룰스,난 좋던데...,5
0,스타벅스 광교엘포트R점,주말 오후에 가면 복작복작한데 또 너무 시끄럽진 않고 좋아요리저브 보시는 파트너분 넘 친절하세요!,4
0,스타벅스 광교엘포트R점,,5
0,스타벅스 광교엘포트R점,그냥 좋은 1층짜리 스타벅스 한 시간 정도 책 보러 갔는데 좋았음,4
0,스타벅스 광교엘포트R점,친절하세요 다들,5
0,스타벅스 광교엘포트R점,직원분이 정말 불친절 하시네요^^ 거의 벌레보듯 쳐다보신 직원분 교육 잘 받으셨어요 ㅎㅎ  스타벅스가 가기가 싫어지네요,1
0,스타벅스 광교엘포트R점,엄청 넓고 직원분들 너무 친절하세요..!,5
0,스타벅스 광교엘포트R점,,5
0,스타벅스 광교엘포트R점,친절하고 깔끔하고 사람 붐빌 땐 자리 없을 때가 많지만요새 코로나라 테이크 아웃 자주 해오는데도 스벅 퀄리티는 여전히 굿,5
0,스타벅스 광교엘포트R점,,3
0,스타벅스 광교엘포트R점,Good,5
0,스타벅스 광교엘포트R점,"목요일 오후 7시 반 쯤에 방문했습니다! 이틀 전에 같은 매장에서 냉장식품을 구입했는데, 교환 및 환불 불가하다는 설명을 듣지 못해 오늘 환불을 하러 간 난처한 상황이었는데도... 카운터에 계신 여자 직원분들께서 끝까지 상냥하고 친절하게 응대해주셔서 감사했습니다^^",5
0,스타벅스 광교엘포트R점,"직원 분들께서 친절하시고, 매장이 항상 깨끗한 편입니다. 주문 후 메뉴가 준비되는 속도도 빠릅니다. 그래서 그런지 손님이 많아 조용하지는 않고, 늘 북적북적합니다. 그리고 겨울에는 출입문을 통해 찬 공기가 유난히 많이 들어옵니다 :(",4
0,스타벅스 광교엘포트R점,,5
0,스타벅스 광교엘포트R점,,5
0,스타벅스 광교엘포트R점,친절,5
0,스타벅스 광교엘포트R점,,5
0,스타벅스 광교엘포트R점,"광교호수공원 컨벤션 근처1. 아래층에 교보문고, 자주, 모던하우스, 이마트, 옆에 롯데몰까지 위치적으로 좋아요2. 리저브커피가 참 맛있어요 향기도 좋고3. 매장이 깔끔하고 공부하는 사람들이 적어요아무튼 최고의 장소입니다.",5
0,스타벅스 광교엘포트R점,,5
0,스타벅스 수원망포DT점,"드리이브 스루 나가는 차선이 우회전차선이라 직진 할때 힘들어요 ㅠㅠㅠㅠㅠㅠㅠㅠ 뒤에서 빵빵,,앞에서 끼어들어가야해서 불편하네용",4
0,스타벅스 수원망포DT점,교통 정체의 주범 .. 사고위험 초래 드라이브스루때문에 주말 교통체증 유발해요,1
0,스타벅스 수원망포DT점,넓고 깔끔,5
0,스타벅스 수원망포DT점,평일 오후 카운터 있는 남자 주문 받을때 별로 바빠보이지도 않는데 말투 기분 나쁘네 케이크 라고 알아듣게 똑바로 얘기하시든가 스타벅스 갔던 중에 이런 태도 직원 처음 봄 짜증남 태도가 건방져 보입니다,1
0,스타벅스 수원망포DT점,넓고 좋음,5
0,스타벅스 수원망포DT점,직원은 매우 친절한데 커피가 참... 맛이 없어요가까워서 자주 가게 되지만 갈 때마다 커피 맛 때문에 아쉽네요. 같은 날 동백dt점과 망포dt점을 방문해서 아메리카노 한 잔씩 사서 맛 비교했는데...정말 멀어도 동백까지 매번 가야하나 싶을 정도의 차이...어찌 된 거죠?직원은 친절해서 별 하나 더 드려요,2
0,스타벅스 수원망포DT점,너무너무 좋아요 감사합니다,5
0,스타벅스 수원망포DT점,여기 직원 정말 친절해요건물도 깨끗하고 좋아요근데 커피가 맛 없어요,3
0,스타벅스 수원망포DT점,,1
0,스타벅스 수원망포DT점,오늘 드라이브 스루 이용했는데 주문받는분 개빡침 주문 더할거 없냐고 묻지도 않고 아직 주문할거 더 있다니까 계속 말하면 되요~  이러고 계산할때 폰이 꺼졌는데 폰이 꺼졌는데 어떻게 계산해드릴까요? 나참 나랑 뭐하자는거임쿨라임은 스파클링 하나없고 아놔..두번다시 안감,1
0,스타벅스 수원망포DT점,good,5
0,스타벅스 수원망포DT점,여기 좋음,5
0,스타벅스 수원망포DT점,오늘 드라이브 스루로 이용했는데 직원이 정말 친절했어요,5
0,스타벅스 수원망포DT점,아침에 이용하기 좋습니다.,5
0,스타벅스 수원망포DT점,베이글 데워주셨는데 너무 질겨요,2
0,스타벅스 수원망포DT점,,5
0,스타벅스 수원망포DT점,여기 DT라 좋아요.  - 카이스트치과의원 올림,5
0,스타벅스 수원망포DT점,넓은 공간과 트인 전망이 좋아요^^♡,4
0,스타벅스 수원망포DT점,"직원들 엄청 친절하고~ 또, 울 집 앞이라 가까워서~ㅋ",5
0,스타벅스 수원망포DT점,친절한서비스 깨끗한매장,5
0,스타벅스 수원광교점,직원들이 로테이션 되서 친절해졌음 근데 몇몇은 진심 서비스업에 안맞는듯 ㅠ  맛도 soso,3
0,스타벅스 수원광교점,굿,5
0,스타벅스 수원광교점,,5
0,스타벅스 수원광교점,,5
0,스타벅스 수원광교점,,5
0,스타벅스 수원광교점,,5
0,스타벅스 수원광교점,,4
0,스타벅스 수원광교점,원두가 안신선한듯. 아메리카노에서 담배향납니다. 덜 신선해도 그 향이 어느정도 커버되는 아이스를 주문했음에도 불구하구요.직원분은 매우 친절합니다.,3
0,스타벅스 수원광교점,친절함,5
0,스타벅스 수원광교점,,4
0,스타벅스 수원광교점,친절하고 맛있네요,5
0,스타벅스 수원광교점,친절하고 좋았습니다,5
0,스타벅스 수원광교점,알바 매우 불친절해요 정말로,1
0,스타벅스 수원광교점,자리를 잘 못 잡아서 그런지주문번호 부르는 소리가 너무 시끄렁ㅠ,3
0,스타벅스 수원광교점,,5
0,스타벅스 수원광교점,사람이 너무 많다ㅜㅜ,3
0,스타벅스 수원광교점,,3
0,스타벅스 수원영통점,엄청 바빠보이시던데 인상찌푸리는 분 하나없음 굿,5
0,스타벅스 수원영통점,은근히 사람 많이 안와서 아침에 가기 좋은 카페,5
0,스타벅스 수원영통점,생각보다 작네요. 그러나 쾌적하고 좋았어요,5
0,스타벅스 수원영통점,최고의 카페입니다,5
0,스타벅스 수원영통점,직원들이 엄청 친절하고 음료도 빨리나오고 맛있어요(^o^),5
0,스타벅스 수원영통점,다른 곳보다 맛이 얇음..,1
0,스타벅스 수원영통점,,4
0,스타벅스 수원영통점,좋아요,5
0,스타벅스 수원영통점,,2
0,스타벅스 수원영통점,,3
0,스타벅스 수원영통점,스타벅스다보니 사람이 많아 시끄럽고 의자랑 테이블 겁나 불편,3
0,스타벅스 수원영통점,스타벅스,3
0,스타벅스 수원영통점,집앞 조용하고 자주 찾는 곳 ~ㅎㅎ손님도 많이 없어 좋아요,5
0,스타벅스 수원영통점,음료 엎질렀는데 잘 치워주셨어요. 친절 감사합니당^^,5
0,스타벅스 수원영통점,집 앞이라 자주 갔는데 땍땍거리고 목소리 큰 직원 ㅡ 리모델링 후 높은 벽면쪽 쇼파의자 ㅋㅋ 테이블쪽으로 몸이 쏠림 왜 리모델링 했는지 노이해..,1
0,스타벅스 수원영통점,영통점 매일 가는 단골주민입니다. 여기는 매년 여름이면 에어컨 온도가 너무 낮게 세팅되어 너무 추워요. 여름마다 가고 싶어도 추워서 못 가고 망설이다 결국 다른 커피숍으로 가는 때가 많습니다. 에어컨 온도가 너무 낮게 설정된 것 같은데 26도 이상으로 삼십분있어도 안 춥게 좀 설정해주세요. 마시고 빨리 나가라고 일부러 낮게 설정하신 것 같다는 생각을 많이 하긴했지만 그래도 가깝고 쾌적해서 다른데 말고 이 곳을 이용하고 싶은 맘이 큽니다. 저는 스타벅스 영통점에 오면 여름엔 오분만 있어도 추워서 너무 힘드네요. 여름에 여기 가려면 가디건이나 잠바가 필수가 되더라고요. 온도 좀 올려주세요. 특히 아이스 아메리카노 마시고 싶어도 오분만 앉아있으면 너무 추워서 결국 뜨거운 아메리카노 시켜야 하네요 ㅜ ㅜ,5
0,스타벅스 수원영통점,이 지점은 이상하게 커피맛이 별로임 직원들도 불친절,1
0,스타벅스 수원영통점,직원들이 불친절해요~딱한분 친절한사람 봤어요뭐 물어보면 귀찮아하고 표정도 그렇고 대답도 안해요영통점 스벅은 그래서 잘안가게되네요,1
0,어라운드커피,기본 커피 맛있는데 다른 원두 커피도 궁금하네요 맛있을거같아요ㅎ크로플은 브라운치즈 있고 아이스크림은 추가했는데 맛있어요~,5
0,어라운드커피,라떼..맹맹 ㅜㅜ 원두는 살짝 산미있는거 같고..바닐라라떼 시럽 너어무 달아서… 여긴 내스아님,2
0,어라운드커피,커피도 디저트도 다 맛있어요 ㅎㅎ,5
0,어라운드커피,신동에서 여기모르면 간첩. 존맛집임~,5
0,어라운드커피,개방형이고 원두가 다양한게 좋았어요,5
0,어라운드커피,항상 사람이 많아 아쉽지만 커피 정말 맛있어요! 디저트류도 평균이상,5
0,어라운드커피,,5
0,어라운드커피,쿠키 JMT 그리고 에이드도 맛있어요. 음료 1인1잔하면 아아 한리필 무료 아아도 리필용이어도 넘나 맛있어요 ㅎㅎ,5
0,어라운드커피,직원들 친절하고 산미 강한 원두 좋음.,5
0,어라운드커피,커피 맛있고 좋아요.,5
0,어라운드커피,맛과 분위기 다 좋아요,5
0,어라운드커피,사장님 번창하세요!! 기분 좋아지는 가게에요,5
0,어라운드커피,커피 한잔 마시면 한잔이 공짜!!! 라서 마신건 아니지만;;^^;;케익도 맛있고 커피도 적당한 가격에 맛있습니다.,4
0,어라운드커피,,4
0,어라운드커피,"신맛이 너무 강한 샤케라또였네요. 신맛100,쓴맛0,단맛0. 카페 분위기는 최고에요! 자리도 2인석,4인석,1인석 다양해서 좋아요!",4
0,어라운드커피,커피 맛있어요. - 카이스트치과,5
0,어라운드커피,,5
0,어라운드커피,"장점은 매장에서 음료 마시면 아메리카노 1회 리필이 추가금액 없이 가능하다는 점과, 음료 구매시 디저트류가 1천원 할인된다는 점입니다. 매장 크기도 넓고 테이블도 많아요. 직원들도 친절하시고 깔끔하고 분위기도 보통 카페 느낌의 카페입니다. 아메리카노가 맛있더라구요. 어렵게 어디어디산 원두를 사용해서 바디감이 어떻고 풍미가 어떻고 써져있는게 아니라 고소한맛 이런식으로 적혀있어서 커피무식자여도 취향에 맞게 아메리카노를 마실 수 있습니다. 가격이 비싸지도 않고 평일 낮인데도 손님이 꽤 있었습니다. 푸딩이 있길래 먹어보고싶어서 사먹을까 말까 고민하고있었는데 옆테이블이 단골이신지 어떤 분이신지는 잘 모르겠지만 직원분이 푸딩을 드셔보시라고 주더라구요. 음.. 단골이 되면 더 좋은 카페인것같습니다.",3
0,어라운드커피,원두가 신선하고 맛있어요. 전화번호를 남기면 로스팅 하는 날 문자를 줍니다. 매장에서 먹으면 커피 리필도 되고 직원들도 친절하고 서비스도 최고입니다.,5
0,햄햄팡팡,"이 시리즈 좋아하는 친구따라 같이 갔는데 아무리 테마 즐기러 가는 곳이라지만 음식은 가격에 비해 동네 분식집만도 못하고(특히 빠에야는 케첩에 비벼놔서 도저히 먹지도 못할지경), 음료는 색소맛 그득한데 알코올 좀 타놓은 수준이라 칵테일 취급해주기에도 민망한 수준. 오죽하면 내가 데려와서 미안하다 소리 듣고 있음. 그나마 그러탕인지 파스타인지가 최소한 음식 구색은 갖추었는데 이것도 돈값은 못합니다. 유일하게 맛있었던건 이 가게에서 직접 만들리가 없는 케이크였습니다.추가로 다른 직원분들은 친절한데 안내역 맡은 인간 혼자 입장때부터 나올때까지 오만상 쓰고 응대해서 기분까지 잡쳤습니다.",1
0,햄햄팡팡,"직원분들도 친절하고 일정기간마다 테마를 바꿔주셔서 오는 재미가 있고, 음식도 다른 테마 카페보다 괜찮아요. 특히 파스타 맛집입니다.",5
0,햄햄팡팡,산하고 윤 둘 중에 하나만 나와도 성공이라 생각했는데 둘 다 나와서 대성공하고 갑니다 이번 테마 음식들도 존맛 웬만한 카페나 음식점 다 이기는 맛고기파이는 딱 생각했던 그 맛이라 더 신기하구 찰떡파이는 프랜차이즈 빵집에서 내줘서 평소에도 사먹고 싶은 맛이네요,5
0,햄햄팡팡,,5
0,햄햄팡팡,완전 맛있어용다음에 라오루 테마할 때도 갈게요~!,5
0,햄햄팡팡,,3
0,햄햄팡팡,...에게. 햄햄팡팡에 베이컨 2장을 추가한다.,5
0,햄햄팡팡,,5
0,햄햄팡팡,사랑해요 프문~ 하층부 오픈때도 또 갈게요!,5
0,햄햄팡팡,,5
0,햄햄팡팡,,5
0,스타벅스 영통R점,굿! 판타지움 안에 1층에 있어서 좋아요하지만 사람들이 많을땐 앉아서 먹고가지못하는 그런 불편함이 있습니다~주차 등록은 음료 픽업하는곳 옆에 있어요 참고하세요,4
0,스타벅스 영통R점,좋은 장소,5
0,스타벅스 영통R점,방문할때마다 파트너분들이 너무 친절해서 좋아요 음료도 빨리 나오는 편입니다,5
0,스타벅스 영통R점,"코로나 일상회복 된 이후로 테이블을 빈틈없이 너무 빽빽하게 깔아놔서 여유가 없어요. 호텔 로비 분위기였다가 도떼기 시장으로 변함.. 코로나 터지기 전보다 훨씬 더 테이블 많이 깔은 느낌이에요. 테이블 간격 여유 좀 두지---------8,9월 연달아 확진자 나옴. 테이크아웃 한 사람도 검진받으라고 문자 올 정도. 갈 때 주의 요망. (21.9월)",1
0,스타벅스 영통R점,,5
0,스타벅스 영통R점,,5
0,스타벅스 영통R점,직원분들 너무 친절하시고 매장이 어어어엄청 고급져서 이 가격에 눌러앉아있어도 되나? 싶어요 ㅋㅋ 인스타 감성카페 다 찍어 누름,5
0,스타벅스 영통R점,코로나라 테이블 많이빼놓아서 여유로운 공간. 다만 다시 테이블 많이 사용하게되면 비좁을것 같습니다,5
0,스타벅스 영통R점,호텔 카페 같은 느낌이고 좋은데투 매니 피플 ㅠ,5
0,스타벅스 영통R점,너무너무 좋아요 감사합니다,5
0,스타벅스 영통R점,넓고 이뻐요.,5
0,스타벅스 영통R점,남자 직원분 역대급 친절 엔 프로페셔널,5
0,스타벅스 영통R점,시끄럽지만R은R,5
0,스타벅스 영통R점,직원분들 세상 친절하세요! 사람은 너무 많아요,5
0,스타벅스 영통R점,스타벅스 리저브 매장이 가까워서 참 좋아요.,5
0,스타벅스 영통R점,통창 너무 좋아요. 직원분들도 친절하십니다.,5
0,스타벅스 영통R점,전에 몇 번 와봤었는데 지금 일하고 계신 파트너 분들이 제일 인사도 열심히 하시고 친절한 느낌입니다! 제 기억엔 원래 리저브만 되고 티바나 메뉴는 못 시켰었는데 이제 되는 것도 너무 좋아요ㅎㅎㅎ 더 자주 올 것 같네요ㅋㅋ,5
0,스타벅스 영통R점,주변에 아파트 단지이기도 하고 상가안에 있기 때문에 매우 시끄러운편. 그리고 콘센트있는 긴 책상 좌석뿐이기 때문에 카공족에게는 약간 좋지 않은 환경.하지만 그럼에도 불구하고 가는 이유는 바리스타분들의 친절함과 청결함.,4
0,스타벅스 영통R점,다른 리저브랑 비교해도 손색이 없는 지점. 넓은 공간감에 바리스타분들도 좋아요.,5
0,스타벅스 영통R점,,3
0,스타벅스 영통R점,매장도 크고 직원분들 응대도 좋네요~,5
0,스타벅스 영통R점,추천합니다 널널해요,5
0,스타벅스 영통R점,,4
0,아미스타,빵과 커피 맛있어요,4
0,아미스타,건강한 빵 좋음,5
0,아미스타,빵이 너무나 소박빵사랑이들 다른곳 추천,3
0,아미스타,,3
0,아미스타,가격이 창렬하네. 그렇다고 맛 있는 것도 아니고. 갬성 전략인가?  그리고 그런 팥빙수는 제발 팔지  마세요. 너무하네.,1
0,아미스타,,5
0,아미스타,레몬크림치즈 존맛탱 쫀득하고깔끔하네,5
0,아미스타,"가격은 비싼편이나레몬크림치즈, 찹쌀크린베리, 고구마깜빠뉴(뜨거울때 한정) 맛있어서 추천합니다",4
0,아미스타,비싸긴한데 맛있어요 이상하게 아아보단 뜨아가 더 맛있는것같아요,5
0,아미스타,빵 맛있음 커피 등 음료비싼편지층 1층 둘다 운영해서 장소쾌적,4
0,아미스타,"여기 아직도있네몇년전 알바면접보러갔을때부모님 계시냐부터 형제관계 묻고과거 알바경력보고는""죄다 관련없는것만 했네~여긴 왜 그만뒀어요?인생 그렇게 하고싶은대로 살면 안돼~""이미 뽑을 사람있는데도 면접봐서 번거롭다는등..몇년전일인데도 생생할정도로 말투, 장소 다 기억난다왜 그런소리를 듣고있었는지정말 난 너무 어렸었다",1
0,아미스타,,3
0,아미스타,올리브 치아바타 핵존맛입니다,5
0,아미스타,좀비싼데 빵맛있고 앞에 풍경도 좋고 갠춘해요,4
0,아미스타,찹쌀크랜베리빵 통밀빵 같은담백한 빵종류들 잘하는듯 멀다는게 아쉬워요,5
0,아미스타,빵은 맛있는데 음료양이 너무 창렬해요 ㅠ밀크티 7000원인데 3입 마시면 사라집니다 ㅠ,2
0,아미스타,레몬크림빵 맛있음.,5
0,아미스타,발효빵류는 최고. 케잌과 커피는 별로라서 별하나 뺍니다,4
0,아미스타,,3
0,아미스타,당근케익 맛있음. 적당한 단 맛과 개성을 뽐내는 시나몬 맛의 조화가 좋음커피 맛있음. 거부감이 없음.,5
0,아미스타,,4
0,아미스타,,3
0,아미스타,맛은 있는데... 가격은 거의 밥값 수준... 빵하나가 6-7천원은 좀 너무하지 않나? 홍대도 이 가격은 아님... 맛은 4점. 가격 2점 심지어 아메리카노도 비쌈..,3
0,아미스타,,3
0,아미스타,"카페는 이용하지 않고 빵만 사왔는데요. 호밀빵, 통밀빵 종류가 많아서 좋았어요. 인기 메뉴들은 주말 오전에 일찍 빠지더라구요. 광교에서 마음에 드는 담백빵을 만나 좋습니다",5
0,아미스타,빵과 커피 정말로 맛 있어요. 분위기도 나쁘지 않고.,5
0,아미스타,Bread & Coffee,3
0,아미스타,매번 올때마다 친절하고 빵이 맛남,4
0,아미스타,,4
0,아미스타,사람이 매우 많다브라우니만 사서 나왔다런닝맨도 찍었다 하고 드라마도 좀 찍었는가봄ㅎㅎ,5
0,정지영커피로스터즈 망포점,"케냐를 하리오로 내렸는데...첫맛은 없고, 담배냄새와 텁텁한 애프터테이스트에스프레소만 파시는게 좋겠어요.아침부터 아쉽네요",1
0,정지영커피로스터즈 망포점,바닐라라떼 맛있어요콜드브루 산미없어서 좋아요,5
0,정지영커피로스터즈 망포점,공부하거나 책읽기 좋은 곳이에요~,5
0,정지영커피로스터즈 망포점,아메리카노 맛있네요,5
0,정지영커피로스터즈 망포점,,4
0,정지영커피로스터즈 망포점,커피가 아주 그냥 크으,5
0,정지영커피로스터즈 망포점,믿먹,5
0,정지영커피로스터즈 망포점,믿고먹는 정지영커피,5
0,정지영커피로스터즈 망포점,여자알바생분은 친절하고 커피도 맛있습니다,5
0,정지영커피로스터즈 망포점,망포역부근 카페중에서는 젤맛있어요><,5
0,정지영커피로스터즈 망포점,,5
0,정지영커피로스터즈 망포점,알바생 남자분 너무 느리네요.. ㅜㅜ 커피 한잔 뽑는데 10분이라니.. 늦는건 괜찮은데 순서대로 해주세요;;^^;; 그리고 손톱이 너무 기셔서 조금 위생적으로 힘들었어요... ㅠㅠㅠㅠㅠㅠ;;;;;;,2
0,정지영커피로스터즈 망포점,커피 맛있고 좋은데 애기 데리고 가기에는 조금 불편함.,4
0,정지영커피로스터즈 망포점,인테리어가 깔끔해서 좋은데 음악이 너무 커요 ....,3
0,서른책방,최고예요~! 사장님도 직원분도 다 친절하시고 음식도 맛있었어요!! 전시되어있는 귀여운 물건들과 책들도 마음에 들었고 분위기도 좋았습니다 ㅎㅎ 강추👍👍👍,5
0,서른책방,시끄럽고 자리좁고 디저트랑 커피 맛없음… 가게도 좁은데 굳이 여기까지 올 필요없는 듯. 북카페인데 책 종류도 너무 한정되고 책이 주가 아닌듯함. 그렇다고 다른게 엄청난 것도 아닌 걍 이도저도 아닌 카페,1
0,서른책방,잘꾸며놓고 사장님도 친절하셔서 한두번은 가볼만함 솔직히 음료나 디저트 맛은 가격에 비해서 실망스러움 특히 커피는 너무 쓰고 다른 음료는 너무 달아요,3
0,서른책방,가게가 아담해서 혼자 조용히 책 보러 가기 좋아요. 음료도 나쁘지 않아요~,4
0,서른책방,조용히 있고 싶으면 갈만한 곳좁은게 단점,4
0,서른책방,바나나 푸딩을 먹었는데 너무 달지도 않고 과자랑 맛있게 먹었어요자몽음료도 맛있고 전반적으로 디저트는 맛있고 자리고 조금 좁아요 전반적으로 좋았어용,4
0,서른책방,가게가 조금 좁다그렇지만 내부가 귀엽고 예쁘다맛은 무난하다,3
0,서른책방,조용해서 좋아요,5
0,서른책방,"카페일 수도, 서점일 수도, 도서관일 수도 있는 그런 곳.",5
0,서른책방,독특한 분위기 책을 좋아한다면 가볼만함,4
0,서른책방,작은 독립서점인데 여러 행사(원데이클라스 독서모임 등)를 많이 한다는게 나름의 장점이면서 단점 같아요.ㅎㅎ 귀여운 굿즈들을 많이 팔고있어서 좋았네용,4
0,서른책방,"책방이 주최하는 모임 시간대에는 미리 출입문에 써 붙이거나 계산대에서 알려줬음 좋겠어요. 모든 사람이 인스타그램 보고 가는 것도 아닌데, 조용하게 책 읽으러 갔다가 10분도 안 되서 모임하러 온 사람들이 우르르 몰려와서 자기소개하고 모임을 시작해버리니, 단체 사이에 잘못 낀 거 같고 책은 책대로 안 읽히고..",2
0,벌툰 수원영통점,친절하시고 장소가 쾌적해요 음식도 맛있어요,5
0,벌툰 수원영통점,일행이랑 같이가서 제가먹은거는 미리 결제하려고 키오스크 결제 기능 있길래 결제를 했는데 뒤돌아섰는게 알바분께서 미리 결제하면 안된다고 말씀하시더군요 그리고 사장분한테 가서 말하고 사장분이 나오시더니 얘기하시는데 뜬금없이 기분 나쁜티 팍팍 내면서 말씀하시는게 정말 어이가 없더군요대충 예상가는게 만약 제가 처음 들어갈때 정한 시간을 초과하여 사용해서 초과 시간을 결제해야한다면 처음에 이곳에서 주는 카드를 포스기에 읽혔을때 나오는 시간을 토대로 시간을 계산하는거 같은데제가 미리 결제를 해버렸으니까 그 기록이 없어져서 제가 언제 들어왔는지 알수가 없게 되니까 그런것 같더라구요.다행히 일행분의 카드로 시간을 확인하고 해결하기는 했고 사장님 입장도 이해는 갔습니다.시간당 돈을 받는 만화방에서 손님이 얼마나 계셨는지 모르게 된다면 문제가 생길수 있으니까 말이죠하지만 이와 관련해서 주의를 주신것도 아니고 어디 써놓으신것도 아닌데그걸 알지도 못했던 손님 입장에서는 사장이 뜬금없이 짜증을 내면은 어이가 없는게 당연하죠진짜 저도 똑같이 해드리려다 참았네요그렇게 장사하지 마세요,2
0,벌툰 수원영통점,사장 바뀐 뒤로 음료없는 기본요금제 없어졌고 겁나 불친절하게 바꼈어요.,1
0,벌툰 수원영통점,시설 너무 깔끔하고 넷플릭스도 볼 수 있어서 너무 좋았어요각종 보드게임도 많고 음식도 맛있는 편근데 쪼끔 비싸요ㅎㅎ,4
0,벌툰 수원영통점,새로 생겨서 그런지 아아아주 깨끗하고 구조도 넘 좋아요! 귀여운 갱얼쥐도 있음~.~,5
0,벌툰 수원영통점,"제 경험으로는 아주 친절하셨고,,,음식도 저렴해서 맛난거 먹으면서 보드게임하고 다리마사지하다가 왔네용ㅎㅎㅎ프라이빗한 공간이라 놀숲보다 전 훨씬 만족했습니당",5
0,벌툰 수원영통점,,1
0,벌툰 수원영통점,불친절,1
0,벌툰 수원영통점,좋지않은 기억 주차가ㅠㅠ,3
0,벌툰 수원영통점,평가가 좋은것 같길래 가봤는데 예상보다 크고 깔끔해서 약간 놀람 음식 종류도 많고 만화카페 음식같지 않음 만화카페치고는 볼만한 책도 많은게 장점 평일에 가끔 강아지도 와있는데 사장님 댕댕이인가봄 개인적으로는 매우 추천,5
0,M535,매장 넓고 분위기 좋으나 음료는 지극히 평범한 편가성비는 그닥이지만 망포 근방에서 친구들과 가기에는 또 더할나위없이 좋은 곳,4
0,M535,직원분도 친절하시고 음식도 맛있음~~~ 카야토스트 시켰는데 카야잼 많이 발라줌❤️‍🔥 화장실도 깨끗하고 내부공간도 넓음,5
0,M535,맛있네요..,4
0,M535,음료결제 후에 2 인이상 1시간 제한있습니다. 라고 말하시더라구요 알바분께서는 음료 결제전 미리 말을해주면좋겠네요 .피치못할사정있는사람은 다른데가서 먹어야되거든요,3
0,M535,커피존맛탱사장님 존잘,5
0,M535,"오랜만에 밖에 나와 브런치를 먹었는데, 커피랑 맛있게 먹었어요.브런치 가격도 다른곳에 비해 착한편이네요.",5
0,M535,오랜만에 분위기 좋은 카페찾은듯해요 아인슈페너 넘 맛났습니당!!,5
0,M535,맛도 맛인데 분위기가 정말(!) 최고네요+_+!!크리스마스엔 어떤 분위기인지 벌써 기대중!,5
0,M535,사장님이 너무 친절하셔서 별점 남깁니다! 커피도 디저트도 다 맛있어요 ㅠㅠ,5
0,M535,들어오는 햇살에 갈 때마다 계절이 느껴지는 사진이 나와요 :-) 다녀오면 사진첩이 가득차는 곳입니다. 메뉴 하나씩 다 먹어볼거에요!,5
0,M535,일단 분위기가 너무 좋아요. 저는 커피를 평소에 많이 마시지는 않는데 마시게 되면 무조건 여기로 갑니다 그리고 커피한잔에 명상을 꼭 하고 갑니다. 명상이라 함은 제안을 텅비우기 위함인데요 저희가 살면서 굉장히 많은 자극을 받거든요. 시작적인 것과 청각적인 것과 아무튼 그런 것들이 몸에 쌓이다 보면 직관적인 느낌이 굉장히 무뎌지고 사람이 좀 부스스해지거든요 그럼 그때 명상을 하면 되게 사람이 좀 더 직관적이게 되고 좀 더 저에게 찾아오는 영감을 쉽게 잡아챌 수 있는 게 아닌가 싶습니다.,5
0,M535,"시험공부하러 남자친구랑 같이 갔는데 아래층이 조용하고 살짝 어두워서 집중이 참 잘됐어요! 공부 맛집이에요ㅋㅋ 케이크도 음료도 너무 달지 않고 양도 많고 맛있었어요. 화장실까지 세심하게 신경쓰신 모습이 보였고, 직원분들이 정말 친절하시더라구요. 재방문의사 100%입니다^^",5
0,M535,커피랑 케이크 퀄리티가 확실히 좋습니다! 밥먹구왔는대 순삭했내요 ㅋㅋ!원두도 호불호가 많이 안갈리는거썻는지 커피잘안먹는 친구도 잘먹내요.처음에 안쪽에있어서 살짝해맸는대 소란스러운 길가가아니라서 더좋았어요 주차장도있어서 차타고오기도 좋내요 ㅋ,5
0,M535,사람이많아서 내부는못찍었는데아기자기한 소품이나 꽃많아서 이쁘고테이블도넓어서 편하니 좋더라구요^^이번에는 아래층이용했는데영상도 미술작품이 움직이는영상?이어서카페분위기랑 잘어울리고 분위기있었어요~커피맛은 당연당연 굿!!!!!!언니는 위기안좋아서 커피잘안마시는데도여기커피는 향좋다고 아메리카노마시고전 라떼가 커피맛이나 우유향이 뭐하나 튀게 확오지않고고소하니 맛났어요^^,5
0,M535,우리 집 근처에 이런 멋진 맛진 곳이 생겼다니 강추 입니다!!,5
0,M535,망포역 근처에 일 있어서 왔다가 우연히 왔는데사장님이 너무 친절하시고 천장이 높아 너무 좋네여!슈크림 밀크라떼 존좋ㅎ,5
0,M535,꼭 가세요. 두번 가세요. 가성비&분위기 너무 좋아서 잠깐 커피만 마시고 오려고 했는데 한시간 넘게 있다가 옴!!! 특히 커스타드 크림 페스츄리 짱맛,5
0,M535,인테리어 분위기도 괜찮았습니다. 사장님도 친절하세요! 자주 오게될것같습니다~,5
0,M535,새로 생긴 카페라 깨끗하고 분위기 너무 좋아요!음료랑 빵도 너무 맛있네요!,5
0,M535,스트로베리 홍차 강추강추입니다.,5
0,M535,까페 인테리어며 분위기며 동네에 맘에 드는 까페가 생겼네요~~~,5
0,M535,주변이 조용하고 공간이넓어서 시간보내기 너무좋아요 :),5
0,M535,,5
0,바로나도 수원영통점,강아지 얼굴이나 엉덩이에 똥 묻어 있어도 신경 안 쓰고 매장 냄새도 많이 나고 매장이나 강아지 관리가 안 되는 것 같네요…,1
0,바로나도 수원영통점,귀여운 멍멍이들 간만에 보고 만지고 할 수 있어서 너무 좋았어용ㅜㅜ♡♡♡♡ 아가 천사들 너무 이뻐용 진짜..ㅜㅜㅜㅜㅜ♡♡♡♡♡♡직원분께서도 엄청엄청 친절하시고 넘 좋았습니닷!!!^^♡또 가고싶어용~~~!!,5
0,바로나도 수원영통점,예전엔 그래도 괜찮았던거 같은데...음료 시켰는데 누락된건지 안나오고 강아지들 과하게 짖는데 하나도 통제 안되고 엘베 내리자마자 오줌냄새는 코를 찌르고사방에 강아지 오줌이네요.강아지 데리고 가실분들은 절대 가지마세요그냥 강아지 안키우는 분들이 강아지 구경하고 만지려는 곳인듯..... 30분 가까이 음료 안나와서 그냥 나왔습니다,1
0,바로나도 수원영통점,사장님 친절히 가이드해주시고 강아지들도 사람들과 친밀해서 즐거운 시간 보냈습니다. 또 방문하겠습니다.,5
0,바로나도 수원영통점,짱좋아요 강아지들이 되게 얌전하네요,5
0,바로나도 수원영통점,여기 오지 마세요 저만 올 거예요 ㅎㅎ♥,5
0,바로나도 수원영통점,이쁜애기들진짜많아여ㅠㅠ 갈때마다애기들이반겨주고얼마나귀여운지ㅜㅜ 남자친구랑데이트할때여기로오면딱좋아요 물지도않고얼마나순한지ㅠㅠ 꼭가세여!!,5
0,바로나도 수원영통점,,4
0,바로나도 수원영통점,우리집 강아지가 여기 다녀와서 목이 다 쉬었어요 어떻게 관리를 하는건지..,1
0,더브라운 광교교보엘포트점,,5
0,더브라운 광교교보엘포트점,,3
0,더브라운 광교교보엘포트점,9시부터라 이른 약속 가능한게 가장 큰 메리트. 주차장과 매장도 넓음. 브런치는 평타.,3
0,더브라운 광교교보엘포트점,,5
0,더브라운 광교교보엘포트점,공간 널찍하고 일하기 매우좋음,4
0,더브라운 광교교보엘포트점,직원 분도 친절했고 장소도 쾌적하고 좋았습니다. 음료도 무난했습니다.  대화 및 공부 등의 목적으로 적합한 공간이었습니다,4
0,더브라운 광교교보엘포트점,"늦은 저녁 기대없이 들어갔다가 알게된 맛집. 에그베네딕트 부드럽고 풍미가 좋았으며 바삭한 감자튀김도 일품.커피는 평타 이상, 실내 넓고 쾌적했으며 친절함.",5
0,더브라운 광교교보엘포트점,"비싼 가격, 부족한 양, 평범한 맛, 평범한 매장, 가격에 걸맞지 않은 100퍼센트 셀프 서비스. 그리고 에그베네딕트 밑에 깔린건 감자전인가요? 에그베네딕트에는 원래 날계란을 올리나요?",1
0,더브라운 광교교보엘포트점,"가격이 조금 비싼 느낌이지만, 넓고 쾌적하며 음식맛도 좋습니다. 해피아워(6시-8시30분)에 방문하면, 10%할인이라 이때 오면 가격은 다른 브런치가게와 비슷합니다.한 번은 식사중에 천장 건물 에어컨에서 물이 떨어졌는데, 건물자체 설치 에어컨의 문제라서 식당 잘못이 아님에도 불구하고 음식을 전부 새로 내주어서 기분 상하지 않게 먹었네요.서비스도 친절해서 추천합니다.",5
0,더브라운 광교교보엘포트점,가격과 양에서 전혀 납득이 가지 않네요.다른 곳에서 에그베네딕트를 먹어봤다면 이렇게 메뉴를 짜지 않았을 텐데요..,1
0,더브라운 광교교보엘포트점,ㅋㅋㅋㅋㅋㅋㅋ 이게 에그베네딕트 ㅋㅋㅋㅋㅋㅋㅋ 파스타는 무슨 피자집에서 5000원에 팔 것 같은 ^^,1
0,스타벅스 광교역점,깔끔하고 2층이 넓어서 좋아요,5
0,스타벅스 광교역점,Very nice atmosphere,5
0,스타벅스 광교역점,깨끗하고 친절해요!,5
0,스타벅스 광교역점,친절하세요,5
0,스타벅스 광교역점,가까워서 가지만 너무 맛없어요..,1
0,스타벅스 광교역점,,5
0,스타벅스 광교역점,공부하기 좋은 스벅,5
0,스타벅스 광교역점,좋아요,5
0,스타벅스 광교역점,넓고 테이블이 많음,5
0,아가마미고양이카페,고양이들 애교 아주 많아요사람 많이 안오면 독차지 할 수 있으니까리뷰안남길까 했는데알바분도 친절하시고 냥님들도 귀여우니 남기겠습니다좋아요 넓어서도 좋고 애기들이 착해서도 좋아요,5
0,아가마미고양이카페,또 가고싶댜옹~여기는 천⭐️국⭐️,5
0,아가마미고양이카페,,3
0,아가마미고양이카페,주인 바뀌고나서 가성비떨어짐 ㅜ,3
0,아가마미고양이카페,딸아이가 거보자고 햐서 와봤어요 ㅋ 강아지 카페 끝나니 고양이 카페네요 ㅋ 아이들과 함께하기 좋아요-! 고양이들 얌전하고 착하네요^^주차는 입구가 좁아서 함들어요 ㅜㅜ,4
0,아가마미고양이카페,고양이보다 애기들이 많네요 키즈카페네요..사장님은 정말 착하신데 너무 아깝습니다 성인 커플이나 청소년이 가기엔 너무 비추입니다,1
0,아가마미고양이카페,세상에... 마감 한시간 남기고 갔더가 천국을 맛봤습니다... 음료 맛은 기억도 안나고 고양이들 꾹꾹이만 기억이 남네요ㅠㅠ고양이를 즐겁게 해주겠다고 재주부리는 곰 마냥 뛰어다니면서 쑈쑈쑈를 시전한 그날의 저와 친구를 잊지 못하겠습니다...! 대면하면 학교 끝나고 맨날 갈래영,5
0,아가마미고양이카페,최고예요,5
0,아가마미고양이카페,사장님이 고양이를 되게 좋아하시고 걱정하는 게 느껴져서 좋았어요 애기들도 너무 귀엽구요,5
0,아가마미고양이카페,,5
0,아가마미고양이카페,흐음.. 뭐가뭔지 모르겠다,2
0,아가마미고양이카페,시설도 좋고 깨끗하고 예쁜 아이들 많아요 다만 어린 친구들이 많이 오는것 같은데 분명히 주의사항에 자는 친구들은 건드리지 말고 고양이 전용 휴식공간에는 들어가지 말라고 되어있는데 굳이 들어가서 자는애들 깨우고 괴롭히는 모습에 눈살이 찌뿌려지네요. 아이들 데리고 오시는 분들이 좀 제지를 해주셨으면 좋겠습니다,4
0,아가마미고양이카페,애기들 너무 많은데 고양이들 밥 먹는데도 쓰다듬고 들고;; 제가 보는데도 체할 것 같았어요 고양이들 자려는데 쓰다듬고 간식 주는 모습이 정말 별로였습니다 다신 안 갈겁니다 여러분도 가지마세요~,1
0,아가마미고양이카페,아이들이 활달하고 붙임성도 있습니다. 아주 잘 생긴 놈은 없습니다. 주인 내외분이 설명 잘 해주십니다.,4
0,커피파이브,,4
0,커피파이브,,1
0,커피파이브,커피 맛있고 디저트도 맛있고 젤라또도 맛있고 무엇보다 사용자를 위한 쇼파가 너무 좋아요,5
0,커피파이브,카페가 아주 시원해요~ 맥주 팔아서 좋아요,3
0,커피파이브,,1
0,커피파이브,편하게 쉬다갑니다. 소파테이블이 많아 아기들 데리고 와도 좋을것같아요. 맛도 양도 넉넉하네요. 커피파이브 좋아용~~,5
0,커피파이브,공간 넓고 테이블 의자 편하고 음료 맛있음 조금 비싼 것 같아도 받아보면 양이 많음,5
0,커피파이브,왠만하면 글 안남기는데 평이 생각보다 구려서 남김. 세시간 제한 있고 가격이 저렴한것도 아니긴한데 커피는 그냥그냥 괜찮습니다. 삼사점은 될거같은데 테러당한건지 이점대네,5
0,커피파이브,"매장이 일단 넓어서 좋구요, 넓은데도 사람 소리가 안울려서 사람이 많아도 시끄럽지 않을거같아요. 물론 제가 갔을때는 매번 손님이 그렇게 많지는 않았어요. 음료양도 많고 맛은 보통이에요. 디저트류도 보통이에요. 넓은데도 구석구석 시원했습니다. 깔끔하고 쾌적한데 적은인원(1~2인)이 가기보단 많은 인원이 가기에 좋은것같아요.",4
0,커피파이브,3시간 지난 거 같다며 자리 빼라고 하는 어이없는 말을 들은 카페. 3시간 이상 있으면 음료를 더 시켜야 한다네요. 2인이 가서 각자 음료에 디저트 하나 시켰는데 3시간 되었다고 쫓겨났어요. 아파트 바로 앞에 있는 카페라 자주 오려했는데 박한 인심에 다시는 안갈 예정입니다,1
0,카인드엉클,아래의 글들은 음해성 리뷰인가요?; 체인 빙수보다 훨 퀄리티 좋고 토핑 풍부합니다 ㅎㅎ 우유눈꽃얼음이 아니긴 한데 연유와 우유를 넉넉히 둘러주셔서 맛 너무 좋아요. 주변에 올 때마다 들르는 곳입니다. 수박빙수랑 메론빙수 강추예요.,5
0,카인드엉클,망고빙수가 16000원치고는 그냥 얼음 갈아서 우유 뿌린거네요 ㅜ 설탕도 많이 치시는지 계속 입에 씹히고... 냉동 망고 몇개 넣어주는거는 집에서도 해먹겠어요~ 여기 퀄리티가 많이 죽었습니다 재방문의사 없어요,1
0,카인드엉클,평범한 맛가격은 치킨값,2
0,카인드엉클,"우유빙수인줄 알고 갔는데 그냥 얼음빙수여서 당황... 한 입 떠먹었는데 그 맛이 아이스크림도매가게에서 1,500원이면 살 수 있는 롯데 팥빙수 맛이라 더욱 당황... 왜... 왜이리.???... 이 맛이 좋아 가시는 분들의 선택을 존중합니다...@220622수",3
0,카인드엉클,친구랑 가서 딸기치즈크러쉬를 시켰는데 먹어본 딸기 스무디중에 가장 맛있었어요. 그리고 수품빙을 어제 시켜먹었는데 가격대가 좀 있긴 하지만 엄마가 양도 많고 맛있다고 하시더라고요. 밖에서 보기만 했지 가본건 최근인데 생과일 맛집 인정합니다! 앞으로도 자주 들를 것 같아요♡통유리로 되어있고 포토존도 있어요.,5
0,카인드엉클,디저트 맛집,5
0,카인드엉클,이전되고 나선 안 가봤는데 딸기음료 맛있어요!,5
0,카인드엉클,"사장님 정말 친절하고 커피가 맛있어요! 테이크아웃하면 할인해주시고, 시즌별로 들어오는 과일도 맛있음! 오래오래 카페 하셨으면 좋겠어요♡",5
0,카인드엉클,프랜차이즈 가기 싫어서 들린 카페. 메뉴가 적기는 해도 나쁘지 않아욥,3
0,카인드엉클,사장님 직원분들 다 좋구요 일단 맛이...와..왜 안가요???프렌차이즈가서 입맛버리지 말고 일로와요.,5
0,키코프커피스튜디오,기분 전환하러 가요. 분위기도 좋고 커피도 깔끔해요.,5
0,키코프커피스튜디오,엄청 친절하시고 인테리어 시크하고 이뻐요바닐라 라떼 마셨는데 커알못이라.. 딱히 특별한 건 못 느꼈어요+) 카공하기엔 비추입니다~(블로그에서 카공하기 괜찮다했는데 아니예요..) 다들 얘기하러 많이 오셔서 시끄러운 분위기였어요,4
0,키코프커피스튜디오,아메리카노 4500 ㅡㅡ아메 4000원도 비싼건데,1
0,키코프커피스튜디오,드립이 있는줄 알고 왔는데 판매중단 되었다고해서 아쉬워요..그래도 산미가 좋은 라떼와 향이 느껴지는 밀크티 잘 마시고 가요.,5
0,키코프커피스튜디오,빵도 안달고 맛있게 잘 먹었습니다,5
0,키코프커피스튜디오,커피는 조금 아쉽지만 이동네에서 분위기는 제일 좋은것같아요 직원분들도 친절하세요,5
0,키코프커피스튜디오,이 카페 분위기 깡패에요,5
0,키코프커피스튜디오,"잔이랑 접시가 넘 예쁘고 커피도 맛있는 집이에요.창이 커서 해가 잘 드니, 밝은 카페 분위기도 좋아요.그런데 스콘은 좀 덜익은 맛도 나고 별로라서 별 하나 뺐어요.다음 방문 때는 스콘이 맛있어져 있기를 바랍니다...",4
0,키코프커피스튜디오,커피도 맛있고 인테리어도 너무 좋아요^^신동에서 손꼽히는 좋아하는 카페에용,5
0,키코프커피스튜디오,여기 바닐라 라떼가 이 동네에서 제일 맛있음,4
0,키코프커피스튜디오,걍 무난,3
0,키코프커피스튜디오,,4
0,키코프커피스튜디오,레몬 위크엔드 맛있었어요아메리카노는 매우 진한데.. 시큼한 커피종류인데 진해서 쓴맛도 느껴지는거같아요모과망고에이드는 정말 맛있었어용,4
0,화이트스노우,,5
0,화이트스노우,Snow Ice,3
0,화이트스노우,,5
0,화이트스노우,자주시켜먹고싶은데 배달료가유독비싸요ㅜ,4
0,화이트스노우,가성비 빙수!! 아이스크림이랑 과일섞인 조합 너무 좋습니당!!,5
0,화이트스노우,겨울에 쉬시는게 유일한 아쉬움,5
0,화이트스노우,,5
0,화이트스노우,빙수,4
0,화이트스노우,인간적으로 너무 맛있음,5
0,화이트스노우,아무리 배불러도 이건 먹을 수 있음. 수박 빙수 추천. 2인이면 무조건 스몰로,5
0,화이트스노우,경기 남부지역 빙수 원탑임...... 가성비 미침원픽은 녹차빙수,5
0,화이트스노우,진리는 초코시리얼 빙수♡,5
0,화이트스노우,말해뭐해여긴 돈쭐 내줘야함2인 스몰시키고3인 미디움 시키셈,5
0,화이트스노우,완전 대박.. 처음 오시는 분들 M을 시키는 실수를 범하지 마세요... 여긴 S도 어마무시하게 크고 맛있습니다!사장님 변하지 말고 오래오래 계셔주세요! 토핑도 팥도 우유도 어느것 하나 아끼지 않으시네요! 짱짱 ♡,4
0,화이트스노우,수원 빙수 집 중 탑인듯 개혜자 개존맛아이스크림이 얼음많은 샤베트같은 아이스크림 말고 맛이 진한 우유 아이스크림이라 좋음생과일 빙수도 과일 많이줌,5
0,화이트스노우,,5
0,화이트스노우,가성비갑입니다,5
0,화이트스노우,"아주대앞 메인은 ""팥없는빙수""",4
0,팬케이크팬트리 본점,그냥 쓰레기가격을 떠나서 집에서 요리한 것도 못한정도의 음식어떻게 아직도 장사를 하는지 의문,1
0,팬케이크팬트리 본점,"사람이 항상 많긴 한데 왜 많은지 잘 모르겠는 곳, 가격만큼의 값어치를 겨우 하는 느낌이에요. 이 근방에 브런치 파는데가 별로 없어서 사람이 몰리는 것 같아요. 일단 가족들 때문에 세번째 방문인데 매번 대기 순번이나 주문 순서는 무시하고 중구난방으로 손님 받는 부분에 있어 개선이 필요하다고 봅니다. 1번으로 대기번호를 적어놓고도 2,3번 손님이 홀에서 서성거리고 있으면 2,3번을 먼저 앉히시더라구요. 주말에 가족단위로 와서 사람이 빨리 차는 편인데, 관리에 있어서 신경을 좀 쓰셨으면 합니다.",2
0,팬케이크팬트리 본점,마트 공산품을 조리해서 내놓은 수준. 맥모닝이 훨씬 맛있음.,1
0,팬케이크팬트리 본점,올데이+아메리카노.. 18300원 맛은 뭐 그럭저럭인데 이 가격에 이 구성은 가성비 면에선 너무 별로네요.,2
0,팬케이크팬트리 본점,,5
0,팬케이크팬트리 본점,"1. 햄버거든 샌드위치든 빵이 식어서 아주 뻑뻑하다 못해 질기다. 설상 가상으로 나이프는 돈까스도 못자를 만큼 무뎌서, 빵과 식재료를 자르는게 아닐라. 짖이겨 먹는 거라고 봐도 좋다. 2. 햄버거에 들어간 식재료 중 베이컨은 대형마트 정육코너에서 쉽게 볼 수 있는 햄 종류 같은 느낌. 샌드위치에 사용된 빵은 파리바게트에서 쉽게 볼 수 있는 아주 저렴이 우유식빵이다...거기에 데리야끼 소스를 부은 듯한 맛... 많은 것을 바란 건 아닌데 3. 기본적인 서빙 서비스가 엉망이다. 매번 음식이 나올때마다 식기 그릇을 테이블에 탕탕 소리가 날 정도로 내려놓는 건. 서비스를 떠나 기본적인 예의가 아니라고 생각한다. 4. 브런치가 먹고싶고 샌드위치가 먹고싶고 햄버거가 먹고싶다면. 각 음식의 전문음식점이나 체인점을 찾는 편이 더 좋을 것 같다.",1
0,팬케이크팬트리 본점,,4
0,팬케이크팬트리 본점,공영주차장이 비싸서 문제지만 팬케잌 괜찮습니다.2층이 없어서 오래 머물긴 아쉬움,4
0,팬케이크팬트리 본점,,3
0,팬케이크팬트리 본점,브런치 하기 괜찮고 맛도 좋지만 양도 푸짐한 곳.아메리카노도 맛있음.,5
0,핌언더그라운드,,5
0,스타벅스 수원법조타운점,조용해서 좋아여,5
0,스타벅스 수원법조타운점,직원분들이 친절하세요.,5
0,스타벅스 수원법조타운점,주문 후 받아보는 시간까지도 길지않고. 친절합니다. 여유롭게 천천히 차 마실 수 있어 좋았습니다~,5
0,스타벅스 수원망포역점,위치 좋고 실패 없는 메뉴,5
0,스타벅스 수원망포역점,친절하고 주문한거 빨리나옵니다,5
0,스타벅스 수원망포역점,2층이 넓어서 공부하기 좋아용!!,5
0,스타벅스 수원망포역점,,5
0,스타벅스 수원망포역점,,5
0,스타벅스 수원망포역점,,5
0,스타벅스 수원망포역점,,5
0,스타벅스 수원망포역점,스벅 좋아요.,5
0,스타벅스 수원망포역점,너무너무 좋아요 감사합니다,5
0,스타벅스 수원망포역점,,5
0,스타벅스 수원망포역점,,5
0,스타벅스 수원망포역점,매일가는곳~ 좋아요ㅎㅎ,5
0,스타벅스 수원망포역점,,5
0,스타벅스 수원망포역점,,5
0,스타벅스 수원망포역점,어느시간대에 가도 항상 사람이 많아서 조용한 분위기를 찾는다면 조금 아쉬움가끔 피크타임때 가면 컵 설거지가 제대로 안되는지 커피얼룩이 져있음직원들의 서비스태도는 좋은편입니다,3
0,스타벅스 수원망포역점,구석자리보면 바닥에 개미 엄청 기어다님... 충격...,2
0,해피누디,진짜 너무맛있어요 맨날 먹고싶음너무너무 맛있어요…,5
0,해피누디,마카롱 맛집 인정! 주차하고 올라가기가 좀 헷갈렸는데 이번에 헤맷으니 담에 갈땐 잘 찾아갈수 있을거 같아요. 선물용으로 특히 더 빛을 발하는듯요~,5
0,해피누디,이게 진짜 마카롱이지,5
0,해피누디,맛있어요!,5
0,해피누디,맛있어요 선물용으로도 좋아요,5
0,해피누디,사장님 친절하시고 마카롱 맛도 좋습니다 !  굿굿,5
0,해피누디,전국구급 마카롱 맛집,5
0,해피누디,마카롱짱,5
0,해피누디,아이스아메리카노에는 마카롱이에요ㅠㅠㅠ진짜 마카롱 너무 맛있어요ㅠㅠㅠ사장님 너무 친절하세요!!!다음에 또 올게요!,5
0,해피누디,조개마카롱 생긴것도 너무 귀엽고 맛도 굿이에요,5
0,해피누디,여기 선한영향력 후원가게인가요? 울따님들 마카롱 선물해야겠네요~,4
0,해피누디,마카롱 맛있었어요 커피도 깔끔해서 좋았움다 잔이 작아서 당황했지만 리필1번 된다고해서 좋았어용 또 놀러갈게용,5
0,해피누디,진짜 맛있음 특히 꼬끄가 부드럽고 쫀득하고 필링도 안느끼하고ㅎ 회시근처라 기대 안하고 갔는데;;  근처에있다면 드셔보시길 추천!,5
0,해피누디,마카롱 JMT...,5
0,앙코르보아,,1
0,앙코르보아,"맛,전문성은 어느정도 있으나 사장인성 별로",1
0,앙코르보아,여기는 뭘 먹어도 다 맛있음. 근데 커피 안 좋아하는 사람한테는 와 진하다 라고 생각들 수 있음.의외로 아인슈페너가 맛있다. 밑에 깔린커피는 산미가 있는편인데 크림과 잘 어울림. 다른곳에서 먹던 맛들과 다른데 맛있음,5
0,앙코르보아,"커피맛이 좋아서 항상 애용하는  곳인데..오늘은 커피맛이 조금 탁하고 맛이 텁텁해서 사장님께 얘기했더니, ''아침에 오셨던 단골들은 아무말 없었어요. 우리 기계는 아무 문제없고 원두도 아무 문제  없어요.손님이 그리 말하시니 다시 내려는 드리는데, 우리는 아무 문제없어요.''라고 인상쓰며 말하고 갔네요.같이간 일행은 일주일에 2~3번씩 다니는 분인데, 그말에 맘이 상해서 그냥 가고 싶다는 말까지 했어요.말이란것이 ''아' 다르고 ''어''다는건데...어치파 다시 내려서 갖다줄것을 꼭 그렇게 응대했어야 했는지 의문이네요.다시 내려서 가져온 커피는 원래 먹던 맛인데...참 씁쓸한 맛을 느끼고 가네요.아마 다시 안 가겠지요?",1
0,앙코르보아,"맛있는 커피, 아늑한 분위기",5
0,앙코르보아,드립커피가 살아 숨쉽니다. 꼭 드세요. 죽기전에 꼭 먹어야 할 인생커피를 수원영통 집앞에서 만나다니 눈물이 납니다. 어머니 낳아주셔서 감사합니다.파나마게이샤커피 안부러운 수원영통 앙코르보아 커피사랑합니다,5
0,앙코르보아,a decent coffee shop,5
0,앙코르보아,,5
0,앙코르보아,아늑하고 좋아요 초코스콘도 맛있어용,5
0,앙코르보아,여기 따라잡을 가게 없을듯 독보적,5
0,앙코르보아,,5
0,앙코르보아,티라미수가 조금 작지만 그래도 분위기있고 조용함 아주굳,5
0,앙코르보아,"음료, 디저트 모두 맛있는 카페! 카페 공간이 은근 넓어요 ㅎㅎ 책들도 있고 저녁에 가면 분위기가 더 사는 것 같아요!",5
0,앙코르보아,앙코르라떼 맛있어요ㅠㅠ,5
0,앙코르보아,커피 너무 맛있어요,5
0,앙코르보아,티라미수가 매우 인상적임.라떼도 맛있고 차는 마리아쥬 프레르의 제품을 사용함.재방문 의사 100중요: 자리가 편함 !!,5
0,앙코르보아,저는 아메리카노 먹었는데 원두를 고를 수 있었던걸로 기억해요. 커피도 맛있고 다쿠아즈 맛있었어요! 흑임자 라떼는 친구가 시켰던거 한입 먹어봤는데 전 괜찮았어요 고소하고요! 직원분들도 친절하세요~,5
0,앙코르보아,,3
0,앙코르보아,커피 괜찮구 공간이 크고 쾌적해요! 가격도 적당하고 직원분들도 친절하십니다,5
0,앙코르보아,커피맛있고 조용해서 좋아욤!!!,5
0,언니네애견카페,Excellent doggies,5
0,언니네애견카페,clean and comfortable,5
0,언니네애견카페,,4
0,언니네애견카페,공간도 깔끔하고 직원분들도 친절하셔서 자주 가려구요 ^^!!,5
0,언니네애견카페,사장님도 친절하시구 카페음료도 맛있어요~미용도 깔끔하고 귀엽게 잘해주셔서 항상 언니네로 가요!ㅎㅎㅎ,5
0,언니네애견카페,깔끔하고 애기도 뛰어놀기 좋았어요! 견종차별하는건 잘 모르겠고 음료도 만족스럽고 집이랑만 가까웠음 좋겠는데 조금 멀다는게 아쉽네요ㅠㅠ,5
0,언니네애견카페,저희 초코 미용하러 처음 방문했는데 직원분들도 너무 친절하시고 음료도 너무 맛있었어요.미용도 너무 이쁘게 잘 되서 기분 좋네요^^ 또 올게용!!!!,5
0,언니네애견카페,가게내부도 깔끔하고 댕댕이 친구들도 많아서 재밌게 놀다왔네요직원분들이 열심히 청소해주셔서 ㅋㅋㅋ 덕분에 잘 있다왔어요,5
0,언니네애견카페,미용 커피 모두 만족스럽습니다 ㅎㅎ 또올게요,5
0,언니네애견카페,"주인, 알바 모두 견종 차별함. 기분 매우 나빴음.",1
0,폴바셋 광교엘포트몰점,맛있는데 갈 때마다 사람이 너무 많아요ㅠㅜ,5
0,폴바셋 광교엘포트몰점,알바생들 일하기 싫으신가봐요 ㅋㅋㅋㅋ 그게 눈에보여요 표정도 별로고 나무늘보인줄 알았어요평일 낮에 갔는데 테이크아웃 커피 두잔을 10분동안 뽑고계시네요물어보니 앞에 주문이 많다면서 보니까 앞에커피 두잔…. 한분은 아예 느긋~하게 커피 하나하나 만드시고 앞 주문 먼저라면서 한 분은 뒷 주문 먼저 만들고계시고 ㅋㅋㅋ 뭐하자는건지엘포트 살아서 자주 가는데 진짜 나오는데세월아에요,1
0,폴바셋 광교엘포트몰점,"직원분들이 매번 아주 친절하신 곳, 주문이 많아 제조에 시간이 좀 걸린다고 안내해주시는데 손이 빠르신건지 생각보다 금방 나옵니다. 사람은 많아요.",5
0,폴바셋 광교엘포트몰점,개 맹물맛임,1
0,폴바셋 광교엘포트몰점,굿,4
0,폴바셋 광교엘포트몰점,여기 내가 가 본 폴바셋 중 정말 제일 맛없는 곳,3
0,폴바셋 광교엘포트몰점,원래 폴바셋은 라떼 맛집인데여기는 라떼 맛이 so so 에요왜그러죠?,3
0,폴바셋 광교엘포트몰점,,4
0,폴바셋 광교엘포트몰점,,5
0,폴바셋 광교엘포트몰점,"직원 분들께서 친절하시고, 매장도 항상 깨끗합니다. 메뉴를 주문하면 나오는 속도도 빠른 편입니다.",5
0,폴바셋 광교엘포트몰점,엘포트에 있는 카페 중 가장 맛있는 곳.,5
0,폴바셋 광교엘포트몰점,,5
0,폴바셋 광교엘포트몰점,비싸다 와이파이 끊김 너무 심하고 콘센트 자리 찾기가 힘드네요카페 넘쳐나는 지금 굳이 비싼 돈주고 두번 오진 않을거같아요,2
0,에트르,,5
0,에트르,기본에 충실한 클래식한 케이크맛 ㅠㅠ 순동물성 생크림이 너무너무 맛잇고 시트가 너무너무 맛잇고 과일이 상태가 너무너무 좋고 실하게 그득 들어있음…단거 싫어하는대 이집 케이크는 폭풍흡입,5
0,에트르,"여태 먹어준 케익 중에 1등입니다. 작년에 알게된 가게인데 지금까지도 케익은 여기서만 주문해서 먹어요. 안 먹어본 케익이 없을 정도로 좋아하는 케익 가게입니다. 자몽케익, 망고케익, 딸기케익 과일 종류는 다 맛있어요. 과일 중에 제일 좋아하는건 자몽이랑 망고에요! 그리고 제일 아끼는 이 집 케이크는 블루베리가 올라간 레어 치즈케익입니다. 치즈케익 혼자서 한 판 먹을 수 있을 정도로 맛있어요. 그리고 갸또 쇼콜라 케이크는 초콜릿 케이크에 생크림이 올라가서 특색있어요. 초콜릿을 아예 안먹는데 여기 갸또 쇼콜라는 아주 가끔 생각나요. 케이크랑 생크림이랑 같이 떠서 먹으면 진짜 최고의 맛입니다. 이런저런 케이크 맛집 많이 찾아다니기도 했는데 에트르 만한 곳이 없어요. 정말 최고입니다.!",5
0,에트르,투박한듯 하지만 맛있어요. 은근 작은것같아요.,4
0,에트르,생크림은 진짜 원탑인데 쉬폰이 좀 아쉬워요. 크림이 너무 부드럽다 보니 케이크가 아니라 빵이랑 딸기를 크림과 같이 먹는 느낌..?,4
0,에트르,케이크 생크림이 안느끼해서 좋아요~♡,5
0,에트르,오늘 포장해서 맛있게 먹었습니다,5
0,에트르,자몽 생크림 케익 주문했어요 생크림 케익은 지금 딸기철이 아니라서 여름엔 자몽으로 하시는 것 같아요 ! 제가 먹어본 케익 중에 가장 부드러운 생크림 케익이었어요 ㅠㅠ 시트도 크림도 거슬리는 것 없이 정말 잘 어우러지고 완성도 높은 맛있는 케익입니다 방부제 하나도 안 들어간 케익이라는 게 느껴지는 게 케익이 좀 흐물흐물해욬ㅋㅋ 하여튼 존맛 주변 사람 생일 때마다 예약해서 먹는중,4
0,에트르,진짜 여긴 달라요. 크림이 달지 않아서 계속 들어가요. 에트르 케이크 먹고 바로 다음 날에 유명하다는 다른 빵집 생크림 케이크 먹었는데 바로 입에서 구별되네요. 다른 집 생크림 케이크는 어쩔 수 없이 달아요.,5
0,에트르,,5
0,에트르,Cake,3
0,에트르,평일만. since 2007,5
0,에트르,신선한 딸기가 듬뿍 들어있고 생크림이 진짜 일품이에요! 시트도 무지 촉촉하구요. 너무 맛있게 먹었습니다! 계산해 주시는 사장님도 재밌고 유쾌하셨어요 ㅎㅎ다른 케익도 먹으러 또 갈게요!,5
0,에트르,집이 서울이라 가끔 가다가 먹을수 있는 케이크맛집!! 뭔가 보기에는 인스타 감성따윈 고려하지 않고 만드시지만...특히 딸기 케이크는 그냥 맛있지않고 매우매우 맛있어요 그리고 거의 모든 메뉴에 들어가는 생크림이 제 입맛에는 신라호텔 이런데보다 맛있어요.. 매 년 딸기시즌만 되면 가고싶은 곳인데 혹시 이전 생각 있으실 때 서울로 좀만 가까이 와주시면 정말 감사하겠습니다 분점이라도 내주세요ㅜㅜㅋㅋㅋ,5
0,에트르,부드러운 맛입니다. 케익 비주얼은 집에서 만든것 같은...아주 조금은 허접하다는 생각이 듦 선물용으론 민망함..,3
0,에트르,어떻게 이렇게 맛있을까 싶어요...,5
0,에트르,좋아하는 케익집. 뭘시켜도맛있음.,5
0,에트르,케익이 미친듯이 맛남. 주말에 쉬는 것이 아쉬운 점ㅠㅠ,5
0,에트르,매탄동 케이크 가게중엔 제일 맛있는거같아요ㅎㅎ항상 만족하면서 먹습니다.,5
0,에트르,이 곳 케이크 대만족. 서비스 마인드도 만족.,5
0,에트르,m t .jj .o,2
0,에트르,케이크는 무조건 여기만 선물해서 한번도 실패한 적 없어요맛보면 다 좋아해서 저도 뿌듯함 기념일에 요청시 특별한 레터링도 할 수 있으면 좋겠어요!!,5
0,에트르,딸기생크림!,5
0,에트르,쵸코케익,4
0,에트르,그냥저냥 무난한 케이크집주인이 말이 많아서 친근하게 대해줌,3
0,에트르,진한 초코 케이크가 맛있다.,3
0,에트르,기념일이 되면 케익을 예약하게 되는 곳!,5
0,나쿠펜다,라떼 맛있다,4
0,나쿠펜다,빵도 직접 만드시고 소스도 수제소스에 샐러드가 식감이 살아있어요. 커피도 맛있고 가격도 좋고 대박이예요. 장소도 쾌적하고 넓구요. 제가 가본 브런치집 중에 최고입니다! 모든 부분에서 진심이세요. ^^,5
0,나쿠펜다,여기 비엔나 커피 존맛 먹어본중 제일맛잇음,5
0,나쿠펜다,"브런치는 안 먹어봐서 모르겠고, 커피도 맛있는데 케이크랑 타르트 존맛입니다ㅜㅜ 너무좋아여",5
0,나쿠펜다,주말마다 브런치카페 디저트카페 웬만한 유명한 곳 작은곳 다 가 보는데 정말 맛이 없다. 맛만 없는게 아니라 메뉴는 많은데 맛이 다 같다. 텁텁한 샌드위치. 모두 모짜렐라치즈만. 샐러드는 적양배추와 치커리 조금.웬만해선 샌드위치가 맛 없을수가 없는데 정말 맛 없어서 블로거 욕할뻔했어요. 메뉴 조금 더 다듬어 주시길. 그리고 야채 요즘 저렴한데 적양배추로 바닥까는건 너무했어요,1
0,나쿠펜다,여기 커피 완-젼 맛있어요.꾸덕한 초콜렛 케이크도 제취향.나쿠펜다 블랜딩 원두 꼭 사셔 드셔보시기 추천!저 여기서 몇년째 원두 사다먹어요!!,5
0,나쿠펜다,여기 브런치 진짜 맛있다는 건 이미 알고 있었는데직접 로스팅을 하신대서 핸드드립 먹어봤더니정말 맛있네요.여지껏 먹은 커피중에서 세손가락 안에 들만큼 맛있었습니다!,5
0,나쿠펜다,양은 좀 적은데 맛있고 카페 분위기도 조용해서 좋아요!! 수제 디저트도 파시는데 그것도 맛있어요!!,4
0,나쿠펜다,"Really tasty food, nice and warm atmosphere. My favorite place to go.",5
0,나쿠펜다,보통 라떼를 안먹는데 라떼아트 보려고 시켰다가 라떼가 너무맛있고 향도좋아서 빠져버렸네요+ 치즈케이크가 존맛탱,5
0,나쿠펜다,인테리어도 편안한 느낌에 디저트류 너무 맘에 들어요,5
0,나쿠펜다,커피맛이 좋아요 자주 이용해요,5
0,나쿠펜다,"자주 이용해요 커피,쿠키,케이크 완전 맛있어요^^",5
0,나쿠펜다,원두도 팔고 핸드드립 맛있네요~!^^,5
0,나쿠펜다,여기 라떼 맛있어서 생각날 때마다 찾아갑니다. 케이크랑 쿠키도 다 만드시더라구요. 음료랑 케익 맛있어서 찾아가는 까페인데 생각보다 별점이 낮아 글씁니다. 분위기도 편안하고 좋았어요~,5
0,나쿠펜다,"카페가 꽤 넓고, 인테리어도 따뜻한 느낌이어서 분위기도 좋고, 테이블도 넓고, 무엇보다 음료랑 케익이 맛있어서 되게 마음에 들었어요. 근데 별점이 생각보다 낮아서 깜짝 놀라서 댓글 달아요. 밀크티도 다른 데처럼 잔에만 나오는 게 아니라 주전자랑 찻잔이 같이 나와서 진짜 차 마시는 것처럼 기분 좋았고 퐁당 쇼콜라도 작긴 하지만 맛있었거든요. 파니니는 생각보다 작긴 했지만 예상했던 거라 괜찮았구요. 가격대가 좀 있긴 해도 직접 가져다주시고 맛도 있어서 좋아요",5
0,나쿠펜다,"분위기 매우 좋습니다. 그래서 비쌉니다.아메리카노 싱글샷인데 4500원이면 스벅은 물론이고 수원에서 가본중 가장 비싸요. 음식도 나쁘진 않지만 구성에 비해서는...글쎄요...케익은 확실치는 않지만 냉동인듯해요. 분위기내고 사진찍으러 가기엔 괜찮지만 맛이 중요한 분이라면 다른 곳으로 가세요~오르스커피(가성비굿, 인테리어 굿, 오픈시간들쭉날쭉한게 흠), 박용정커피(핸드드립대박, 화장실불편) 추천 합니다.",2
0,나쿠펜다,영통에 괜찮은곳 많아요;;;,1
0,나쿠펜다,커피 원두가 별로네요,1
0,나쿠펜다,"주인분이 매우 친절하심, 서빙되어 나오는 커피 온도도 적당하고 flavor도 나쁘지 않았음",4
0,나쿠펜다,,3
0,스타벅스 경희대국제캠퍼스점,직원분대박착함^^친절끝판왕,5
0,스타벅스 경희대국제캠퍼스점,리뉴얼 되어서 좋음.,5
0,스타벅스 경희대국제캠퍼스점,,5
0,스타벅스 경희대국제캠퍼스점,닉네임을 부르든 주문번호로 부르든 그건 직원의 재량이라고 하더라도... 좀 들리게 불러주세요.카운터 가서야 좀 들리는듯 해요.,1
0,스타벅스 경희대국제캠퍼스점,친절킹,5
0,스타벅스 경희대국제캠퍼스점,,4
0,스타벅스 경희대국제캠퍼스점,매운닭바베큐의 새로운세계~~,5
0,스타벅스 경희대국제캠퍼스점,최고예요 감사합니다,5
0,스타벅스 경희대국제캠퍼스점,평균적인 스벅임학교앞이라 사람 정말 많음,4
0,스타벅스 경희대국제캠퍼스점,,4
0,스타벅스 경희대국제캠퍼스점,자주 가던 곳. 좋아요.,5
0,스타벅스 경희대국제캠퍼스점,,5
0,스타벅스 경희대국제캠퍼스점,사람이 느어어무 많음ㅜㅜ,4
0,스타벅스 경희대국제캠퍼스점,넓고 조용하고 커피는  쬐금 싱겁긴하지만 젊을 느낄수있어서 좋다.,4
0,시그널헌터 광교중앙점,직원분은 엄청! 친절하고 방탈출 구성 자체는 재미있었어요 아쉬웠던 점은 장치들이 노후? 되어서 제대로 작동이 안되는 경우가 왕왕 있었습니다 ㅠ 다 제대로 작동되면 또 가겠지만 그게 아니라면 재방문하지는 않을 것 같아요 ㅠㅠ,1
0,시그널헌터 광교중앙점,,5
0,시그널헌터 광교중앙점,,4
0,시그널헌터 광교중앙점,재밌어요!,5
0,시그널헌터 광교중앙점,되게 뭔가가 많아서 정말 방탈출하는 느낌이 너무나도 많이 났습니다 꼭 추천해요,5
0,투썸플레이스 수원영통점,오랜만에 갔는데 리모델링 정말 만족스러워요! 상가 화장실 이용해야 하는 것만 빼면 재방문의사는 항상 있습니다,5
0,투썸플레이스 수원영통점,리모델링이 된 이후로 분위기도 밝아지고 더 쾌적해진 느낌이에요ㅎㅎ 직원분도 친절하세요!카페 내에 흡연실이 있어서 너무 별로였는데 리모델링 이후에 없어져서 비흡연자의 입장에서는 너무 좋아요..,5
0,투썸플레이스 수원영통점,텀블러로 먹을때 얼음 끝까지 채워주시는게 좋아요,5
0,투썸플레이스 수원영통점,좋아요,3
0,투썸플레이스 수원영통점,굳..친절해요 언니야가,5
0,투썸플레이스 수원영통점,친절하고 좋아요,5
0,투썸플레이스 수원영통점,연락이 안됨,1
0,투썸플레이스 수원영통점,실내 흡연장땜에 냄새나요ㅠ,1
0,몽글커피,여러분.. 수플레팬케이크는 여기가 훨씬 부드럽고 맛있어요 여기로 오셔야해요🥺 음료도 맛나...!! 거기말고 여기로 와..!!!! 엄마랑 벌써 두번 와써..!!,5
0,몽글커피,수플레 짱,4
0,몽글커피,최고! 사장님도 엄청 좋으시고 수플레 크로플 음료 다 맛있어요ㅎㅎ 매장이 넓지는 않지만 야외도 있고 밖에 뷰도 좋아요 :),5
0,몽글커피,"공간이 협소했고, 편하지 않았습니다",1
0,몽글커피,제가 좋아하는 신동 카페 중 하나예요.전체적인 분위기 뷰 커피맛 모두 좋아요.,5
0,카페다온,매장도 크구 이뻐여! 우연히 발견했는데! 자주 가야겠어여 ㅎㅎ,5
0,카페다온,"깔끔,절편구이존맛,빙수에떡이진짜쫄깃",5
0,카페다온,저렴 조용 굿카페,5
0,카페다온,굿,5
0,전광수커피하우스 수원점,커피 맛있고 친절해서 자주감. 영통에서 커피 상위권 카페인듯!,5
0,전광수커피하우스 수원점,"여사장이 단체 손님 정도만 친절하고 테이블이 작아서지인 여러명 올거라서 앉아있더니 여기는 단체석이다 절로 가세요하고노트북 들고 온 지인들이 있어서 테이블 앉았더니 3~4명씩 딱 붙어서 앉으라고 하고무슨 90~00년대 학교 다시 다니는 느낌 받고 불친절하네요제가 그 동안 사람들이 커피 맛 괜찮다해도 안가고 싶었던 게 이건가봐요그리고 여사장이 테이크아웃 고객은 더 좋아해요 자리 안 차지하고 가격은 같으니까계산할 때도, 포인트 적립할 때도, 테이블 앉을 때도 불친절코로나 심할 때도 어떻게 운영했는지 뻔히 보이네요주변 지인들에게 비추할거에요 차라리 체인점, 프랜차이즈 카페가 더 친절한 듯 해요",1
0,전광수커피하우스 수원점,손님 상대 그렇게 할꺼면 다른 일 찾아보시는것도 좋을것 같아요,1
0,전광수커피하우스 수원점,후기를 보고 갈걸 그랬네요....출입국사무소 왔다가 간만에 핸드드립 마시고싶어서 들어왔는데 2잔 이상만 된다고 ...ㅋㅋㅋㅋㅋ 아니 핸드드립 한잔 드립안해주면 드립 왜하지? 처음이다 진짜 문화충격. 그냥 주문하지 말고 나갈걸 아아랑 치즈파니니 시켰는데 지금 아직 안나왔지만전혀 기대가 안된다,1
0,전광수커피하우스 수원점,커피맛은 괜찮은데 주인이 싸가지없음 불친절이 몸에 밴듯합니다.,1
0,전광수커피하우스 수원점,핸드드립 두잔 이상 ;;친절하지도 않고이런분들때문에 다른 자영업자들이 욕 먹는거임,1
0,전광수커피하우스 수원점,별 하나 조차도 아까운 곳... 여사장님 말투에서 느껴지는 무례함이 상당합니다. 언젠가는 문닫는 날을 기다리며,1
0,전광수커피하우스 수원점,핸드드립을 두잔 단위로만 파는데는 첨 봤음. 혼자 오면 핸드드립 못마시는데 굳이 여기 올 필요가?,1
0,전광수커피하우스 수원점,,5
0,전광수커피하우스 수원점,메뉴를 고르고 싶어도 그냥 아메 먹으라고해요.,1
0,전광수커피하우스 수원점,아메리카노와 당근케이크 주문했는데 아는 맛이에요,5
0,전광수커피하우스 수원점,커피 잘 모르면 가면 안되는곳 ^^ 원두 읽어보고 뭐 먹어볼까 고민했는데 여사장님 그냥 000 시키시면 돼요; 이러시더라구요 커피 몰라도 취향이라는게 있을 수 있는거 아닌가요?,1
0,전광수커피하우스 수원점,별 하나도 아깝다.핸드드립은 콩이 하나도 없다고? 팔려는 의지도없고 고객관리 생각도 없고... 다른데 갈려다 다리아파 참는다.,1
0,전광수커피하우스 수원점,여사장 불친절함 매번갈때마다 느낌,1
0,전광수커피하우스 수원점,Super yummy waffle and ice cream!,4
0,전광수커피하우스 수원점,핸드드립 전문인데다 다양해서 좋고 다른 음료도 맛있어요. 게다가 디저트도 충실해서 자주 가요. 적립없다는 분이 계시는데 오랜 단골로서 말씀드리자면 계속 쿠폰 적립 있었고 최근 몇년 사이 카운터에서 핸드폰 번호로 적립 하도록 안내해주십니다. 그리고 사람이 몰려서 자리를 넓게 쓰고 있는 분께 사장님이 자리 양보를 부탁하실 때가 있는데 그건 어느 카페나 그런 거 아닌가요? 경희대~반달공원 카페 중 커피와 디저트 맛은 제일이라고 생각하는 곳입니다. 누구에게나 추천드려요.,5
0,전광수커피하우스 수원점,공원 앞이라 벌레도 많은데 이날씨에 에어컨도 안틀고 문을 다 열어놔서 남친이랑 모기 6방씩 물렸네요ㅋ 다른데는 다 에어컨 틀었던데.. 대화하는 내내 모기 몇마리가 날라다녀서 아주 신경쓰이고 후덥지근해서 그냥 나왔습니다,2
0,전광수커피하우스 수원점,불친절한 여종업원(여사장??) 평가 안보나봐요. 손님 함부로 대하는거 고치세요.1점 주기도 아까워요,1
0,전광수커피하우스 수원점,여기 사장인지 직원인지불친절한..아니기분을 상하게 할 정도의 여자분아직 있나요?커피맛도 뛰어난게 아니라갈일은  없지만,1
0,전광수커피하우스 수원점,여기는 여사장의 서비스가 형편없는 곳임.서비스마인드도 없도 블랜딩 메뉴에 대해 당연히 알아야 주문가능한건데 답변 싸가지없고 성의도 없음. 여기오면 기분이 나빠지니까 안오길 추천다시는 오지않을 곳. 저번에도 기분나빴는데 그날 하루가 아닌 지속적인 태도군요.,1
0,전광수커피하우스 수원점,"갈때마다 느낀건데, 여기 시장 갑나 싸가지 없네요. 저어어어엉말 실망 그 자체. 제 여친도 여기 오늘 갔다왔는데 그 얘기 하더라구요. 자세한 설명 안하고 거긴 이제 갈일 없을거 같네요!",1
0,전광수커피하우스 수원점,"여사장이 항상 표정이 안좋고, 손님들 일거수 일투족을 감시하고 있음. 자리를 이리 가냐 저리 가냐.. 쟁반을 갖구 와라 마라... 다른걸 떠나 기본적으로 비즈니스 개념이 안 갖춰진 가게임.",1
0,전광수커피하우스 수원점,1. 개인 브랜드 커피 치고는 가격이 비쌈2. 쿠폰 적립 등 혜택이 없음3. 여직원인지 여사장인지 개념이 없으시네요. 자리 이동한다고 일일이 머라그러고.. 결정적으로 나갈때 커피잔 카운터에 반납 안한다고 지적질 합니다. 보통 직접 치워주시거나 아니면 반납하는 공간이 따로 있는데 이 가게는 그런거 안 만들어 놓고 카운터로 반납해야 되는데 웃긴 건 잘 모르고 그냥 나가면 직접 나와서 카운터에 반납하라고 지시함. 여기서 어이 상실함,1
0,전광수커피하우스 수원점,커피맛잇어요,5
0,전광수커피하우스 수원점,,3
0,빌리엔젤 광교아브뉴프랑점,주인 할머니분...불친절에 개느림...걍 안가는게 나음,1
0,빌리엔젤 광교아브뉴프랑점,주인 할머니분이신거 같은데 제가 기프티콘 받은거 아메리카노 두개에 케잌 2개 였는데 그걸 케이크 4조각인가로 바꾸려고 했어요. 금액 맞추고 거기서 더 오버되면 카드로 돈 내잖아요? 프렌차이즈 매장 전국 어디서든지 그렇게 되는데 사장님께서 '우리 매장에서는 그렇게 안된다' 느니 제가 '저번에 왔는데 여기 알바분은 그렇게 줬어요.' 라고 하니까 '그럼 그건 우리 애들이 잘 못한거지~' 라고 하시는게 정말 어이가 없었습니다. 그래서 제가 기분 상해서 '사장님 그럼 저 빌리엔젤 다른 지점 갈게요. 취소해주세요.' 라고 하면 취소도 안해주시고. 제가 주문한 케잌 말고 계속 이상한 딴 케잌 주시려고 하시고... 귀가 안들리는 거 까지는 연세가 있으시니까 이해하겠는데 서비스가 참... 기본이 안되어있네요. 괜히 기분 상하지 마시고 그냥 다른데 가세요. 생일 날 괜히 기분만 안 좋아졌네요.,1
0,빌리엔젤 광교아브뉴프랑점,"기프티콘 결제 후 영수증도 안 되고, 현금 영수증도 안 되네요.뭐 여쭤보면 설명도 잘 못 하시고..쇼케이스에서 조각 케이크 꺼내시다가 케이크 망가졌는데 눈치 보시면서 은근슬쩍 망가진 케이트 주려고 하고..다신 안 갈거같아요.다들 여러모로 방뭉하실때 잘 지켜보세요..",1
0,빌리엔젤 광교아브뉴프랑점,,1
0,빌리엔젤 광교아브뉴프랑점,,1
0,빌리엔젤 광교아브뉴프랑점,위치가 엉뚱한데 찍힘커피빈에서 와인가게 보이는쪽 방향으로 가면 나옴,1
0,빌리엔젤 광교아브뉴프랑점,버블이 푸석푸석 밑에 설탕 섞지도않았는데 당도도 너무달고최악..그냥 한입먹고 버림.케익은 안먹어봤으니 패스.,1
0,빌리엔젤 광교아브뉴프랑점,,2
0,빌리엔젤 광교아브뉴프랑점,,4
0,헤이브릭스,"다먹고 꽃만 덩그러니 남았습니다헤이 마사람, 헤이 라미, 버터쿠키 먹었어요너~~~무 맛있어요 ㅠㅠ동네에 이렇게 맛있는 집이 있었는데 이제 와보다니!!!!!!!!!!!! 진짜 잘 마시고 잘 쉬다 가요",5
0,헤이브릭스,,5
0,헤이브릭스,음료 음식 맛있고 카페 넓어서 너무 좋음주차공간까지 있음카페사장님도 너무 친절하심,5
0,헤이브릭스,,5
0,헤이브릭스,가까워서 3번째 방문인데 첫방문때는 손님이 없어서 많이 기다리지 않았으나 손님이 좀 생기면서 음료 나올때까지 매우 오래 걸림,3
0,헤이브릭스,오...넓고 커피도 괜찮음,5
0,헤이브릭스,카페가 넓음메뉴가 다양하고 대체로 맛있음케일청포도 추천,3
0,헤이브릭스,넓고 조용하고 사장님도 친절하시고 청포도케일주스가 맛있어요,5
0,5월정원,분위기 좋고 뷰도 좋고 음식도 좋아요샐러드 많이 주시고 느끼한 드레싱이 아니어서 정말 좋았어요와사비 좋아하시면 와사비마요 새우 샌드위치 추천합니다,5
0,5월정원,"2022.2.16.12/;30쯤.점심먹으러 여성 4명이 여기에서 수제 함박스테이크, 니콜라크림 치즈, 정확한 명은 모르지만 먹물빵샌드위치와 다른 샌드위치 이렇게 4개를 시키고, 음료는  2사람만 마신다고 하여 1인 1음료시 커피 1000원이라 메뉴판에 문자화 되어서 당연히 생강라떼 1주문하고 1000원 커피하면 되겠거니 주문했는데,4명 전원이 음료 시킬 때만 커피가 된다고 그냥 계산하고 왔다고 한다.이런, 뭐지?내가 한글 미해득자도 아니고, 상식과 지식도 없는이도 아닌데,메뉴판을 어떻게 해석해야 하는지?아니 4명이 와서 음식 4가지 시켰고, 2사람만 음료 마신다고하여 1인 1음료 시키고 1000원 커피 달라고 했는데, 안된다?이런 경우가 다 있나싶어 직원에게 얘기했더니, 음료도 전원시킬 때만 1000원 커피가 된단다.아니, 아니, 음식도 4명다,  음료도 4명다 시켰을 때 덤으로 주는 것이냐?음료만 마시러왔다면 1인 1주문씩 당연히 하고 덤을 받는 것이 기본예의이다. 이 얄팍한 상술을 도저히 그냥 넘길 수 없어서 후기를 남기는데, 그까짓것 몇 천원이 문제가 아니라, 메뉴판에 버젓이 1000원에 준다고 해놓고, 어쩔수없이 그냥 정가에 내고 먹을 수 밖에 없도록 한이 교묘한 상술책이 괘씸하기 짝이 없다. 그동안 교묘한 상술 유도한 1000원짜리 커피가 과연 몇 잔이나 나갔을까 의심스러울 뿐이다.5월의 정원 사장님 ,  입장 바꿔 잘 생각해보시라!그리도 잘 나갈 때 더 잘하시라.  만고의 진리니.아직도 불쾌하고 더러운 기분 가시지 않았는데, 이 기분 언제까지 갈지는 나도 모르겠음.",1
0,5월정원,"가족들과 오랜만에 맛난 외식을 다녀왔어요.위치는 조금 구석에 있어서 불편함은 있지만 전체적으로 깔끔한 매장 분위기와 바깥 조경, 음식 맛이 상쇄시켜 주네요. 음식은 정말 맛있었는데 무엇보다 아이들이 너무 맛나게 먹어서 대만족!!! 루꼴라 크림치즈 피자, 버섯불고기 파니니, 감바스 알아히요, 차돌박이 생야채 비빔밥 이렇게 먹었네요. 개인적으로 감바스가 정말 맛있어서 다시 먹고 싶은 맛.자연을 보면서 조용히 즐겁게 시간을 보낼 수 있는 곳인거 같고 마지막으로 친절하게 응대해주시고 서비스해 주셔서 좋았네요.",5
0,5월정원,"별로네요. 재방문 의사 없음.예전에ᆢ쉬림프샌드위치 맛있게 먹었던 기억이 있어 딸아이 데리고갔는데ᆢ그새 맛이 변했는지ᆢ별로ᆢ통통하던 새우가 얇게 슬라이스해 식감도 별로였네요.차돌박이 야채비빔밥과 함박스테이크는 맛이 괜찮았는데ᆢ그 가격이면 다른곳에서 외식하는것이 배부르고 더 좋을듯.커피와 허브차는 식사후에 달랬는데ᆢ음식과 함께 내오고ᆢ이왕 가져왔으니 그냥 드시라고 내려놓고가네요ᆢ다 먹고 나올때 인사도 없고ᆢ위생관념도 없고요ᆢ처음 테이블에 앉았는데 음식부스러기 있어서 주방까지 가서 치워달라했네요. 손님도 한테이블밖에 없어 바쁜것도 아니었는데ᆢ전체적으로ᆢ맛, 분위기, 가격, 서비스 다 별로였던ᆢ",1
0,5월정원,차가지고 갈수밖에 없는 곳인데 주차할 곳이 없음..사업에 기본이 안되어있다.,1
0,5월정원,분위기 맛 친절~안내된 주소는 맞는데 전화번호가 다름->031-211-6764,4
0,5월정원,Coffee & Brunch,3
0,5월정원,,5
0,5월정원,"감바스,파니니빵,비빔밥,샐러드 ,커피 맛이 굿입니다산 옆에 있어 창밖에 소나무 숲 풍경은 덤,실내가 아늑하고 깔끔하게  정돈이 되어 기분좋은 카페 나들이가 되었지요 친절한  사장님 덕분에 해피한 나들이 였어요 ~^^*",5
0,5월정원,"감바스 맛집+ 와사비 샌드위치, 차돌박이 야채비빔밥도 맛있습니다",5
0,5월정원,토마토스튜가 너무 맛있었던 집 사장님이 너무 친절했던 집 분위기가 좋고 가격이 합리적입니다♥️,4
0,5월정원,주인장님 친절하시고 손맛도 좋아요~~ 가까운 곳에 산다면 자주 가고 싶네요~~~,5
0,5월정원,가성비 좋아요,5
0,커피반점,"두 번 방문했습니다. 중화권 감성을 내려고 노력하신게 보입니다. 그 점은 좋았어요.커피맛은 산미가 있는 편, 진하지 않은 편입니다.곁들이는 먹거리(디저트)가 커피와 잘 어울리진 않다고 생각했는데, 일행은 디저트가 맛있다고 했습니다.디저트가 별로라고 느낀 저는 다음 방문때는 커피만 마시면 될 것 같아요.컨셉이 카페와 술집 중간 어딘가에 있는데,오히려 커피마시기도 애매하고, 술마시기도 애매하다고 느꼈습니다.커피 마시는데 옆에서 치익치익 기름에 무언갈 볶고 있다고 생각하시면 됩니다. 그렇다고 기름 냄새가 나고 그러진 않아요.카페와 바 중간의 분위기를 좋아한다면 좋아할 것 같네요.책읽기 좋은 곳은 아닙니다. 조명이 어둡고 프로젝터로 이것저것 나옵니다. 그게 컨셉 같아요. 매력은 확실히 있는 공간입니다.",4
0,커피반점,홍콩감성이 유니크해요. 생일케익 먹어도 되냐고 했는데도 흔쾌히 포크와 점시를 내어주시던 친절함. 시그니처 음료도 매우 맛있음. 평이 너무 안좋은게 의아하네요.,5
0,커피반점,걍 머.. 젊은 커플들 분위기 낼 때 한번 가는 곳이랄까..,2
0,커피반점,친절하던데.. 아아도 약간 산미있는맛 좋아요,5
0,커피반점,아 말투부터 진짜 불친절해요,1
0,커피반점,기름떡볶이 - 여자 둘이서 먹을정도의 양. 달짝지근하고 맛있음새우볶음밥 - 코스트*에서 파는 냉동볶음밥을 볶아서 줌..짜다..대만식 라면-  짜다..진짜 짜다ㅋㅋㅋㅠ전체적으로 맛이 너무 자극적인데 맛이없음,1
0,카페쿠츠,따뜻한 분위기에 아인슈페너도 맛있어요:D,5
0,카페쿠츠,분위기도 좋고 빵도 맛있습니다👍 추천해요,5
0,카페쿠츠,,5
0,카페쿠츠,Good의자만 조금 불편,4
0,카페쿠츠,,5
0,카페쿠츠,,5
0,카페쿠츠,아인슈페너 대 존 맛얼그레이 마들렌도 존 맛의자가 조금 불편하지만 맛으로 커버함,5
0,카페쿠츠,,5
0,카페쿠츠,아인슈페너 최강 맛집입니다!!커피랑 크림 풍미가 너무 좋고 진한향이 어울러져요!!약간 인스타형 카페라 오래 앉아있긴 힘들지만 커피 하나는 최고입니다!!,5
0,카페쿠츠,내부 예쁘고 음악소리 매우커요. 우유에서 상한맛 나요 으엑,1
0,카페쿠츠,라떼 짱맛있어요~,5
0,나따오비까 광교아브뉴프랑점,Egg Tart,4
0,나따오비까 광교아브뉴프랑점,진짜 너무 맛잇음. 앉은자리에서 3개는 그냥 먹음.,5
0,나따오비까 광교아브뉴프랑점,"세네번 방문했는데, 이 집 에그타르트는 독특하게 맛있습니다.커피가 그 자체로는 조금 그닥인데, 에그타르트의 단맛을 참 적당하게 잡아주어 둘의 조합이 좋습니다. 이 가게에선 이 타르트와 커피를 같이 드시는걸 추천합니다. 타르트는 여기서 사고 커피는 다른데서 사는 것보다 그게 좋다고 느꼈습니다.그리고 가게 분위기가 멋있어요. 살짝 이국적인 공간에 들어온 느낌... 마지막으로 사장님과 직원분들이 에너지가 좋았습니다. 자리로 커피와 타르트는 가져다 주십니다.",5
0,나따오비까 광교아브뉴프랑점,마카오 갔을 때 바닷바람 쐬며 친구들과 맛보던 에그타르트가끔 들러 사먹어요,5
0,나따오비까 광교아브뉴프랑점,에그타르트 최고,5
0,나따오비까 광교아브뉴프랑점,에스프레소 꼰파냐 존맛!가게 먼지하나 없이 관리되어 있고사장님 매너가 좋으셔요,5
0,나따오비까 광교아브뉴프랑점,맛있오 ㅠ,5
0,나따오비까 광교아브뉴프랑점,맛나요 ㅎ,5
0,나따오비까 광교아브뉴프랑점,타르트는 물론 커피도 맛있어요,5
0,나따오비까 광교아브뉴프랑점,운이 좋아야 합니다 의외로 너무 잘 팔리고 있어서 원하는 맛을 먹으려면 기다려야 할 수도 있음,5
0,파이톤,친절하신 사장님의 분위기 좋은 카페☕️,4
0,파이톤,사장님 친절하시구 맛도 좋아요☺️,5
0,파이톤,공간도 꽤 넓고 테이블도 많고 사장님 친절함,5
0,파이톤,,5
0,파이톤,조용하고 공간도 넓어요 딸기라떼 맛있어요!!,5
0,파이톤,맛있어요!,5
0,파이톤,단골카페좌석도 편하고 음료도 비싸지 않아서 좋아요,5
0,파이톤,커피 너무 맛있어요 친절한 리필까지 해주셔서기분 너무좋아요^^오랜만에 기분좋은 커피 마셨네요번창하실거에요,5
0,파이톤,분위기 좋은데 커피원두가 좀 오래된맛이네요,3
0,파이톤,사장님도 친절하시고 음료 케이크 다 맛있어요분위기는 말모,5
0,파이톤,,5
0,파이톤,음료 맛있고 분위기 좋아요. 남매사장님 두분 다 친절하세요!,5
0,파이톤,전체적으로 무난합니다~,3
0,파이톤,괜찮아요,4
0,파이톤,Coffee,3
0,설빙 경기수원아주대점,,5
0,설빙 경기수원아주대점,,5
0,설빙 경기수원아주대점,그린티설빙먹었는데아이스크림이 살짝 녹아나와서 아쉬웠어요 ㅜ,3
0,설빙 경기수원아주대점,넘 맛있어요!ㅎㅎ,5
0,설빙 경기수원아주대점,토핑 많고 친절해요,4
0,설빙 경기수원아주대점,멜론빙수.조금 달지만 맛은 있음.,4
0,라파즈,카페 분위기도 너무 좋고 사장님 너무 친절하시고 직접 내려주신 핸드드립 커피도 너무 맛있어요! 덕분에 드립커피의 맛을 알아갑니다👍 쿠키도 진짜 맛있어요!!!,5
0,라파즈,My favorite healing placeDutch good가펠 레몬 맥주도 굿 :),5
0,라파즈,분위기도 좋구커피 맛도 너무 좋구힐링하고 갑니다요^.^,5
0,라파즈,"너무 좋아요! 우선 산미 싫어하는 엄마가 아메리카노 맘에 들어했구요. 저는 산미, 과일 향미, 단 맛 밸런스 잡히고 바디감이 있는 것을 가장 좋아하는데요. 케냐 칭카 퀸 AA를 핸드드립으로 마셨는데 정말 맛있었습니다. 달콤하고 기분 좋은 커피향이 마중 나와주고요. 마시면.. 아 그냥 좋습니다. 제가 커피에서 꽃 향기를 잘 못 느끼는데, 마시다 보니까 입 안에서 은은하게 꽃향기를 느꼈습니다. 디저트 없이도 커피만으로 충분히 좋은 경험이었습니다. 꼭 재방문하고 싶은 카페입니다.아 그리고 카페 내부에 식물이 많습니다. 들어가자 마자 꽃 향기가 퍼져서 기분이 참 좋더군요. 커피 서빙해주실 때에도 쟁반을 미니 카네이션 생화로 꾸며서 주십니다. 그렇다고 꽃 향기가 커피 즐기는 것을 방해하지는 않습니다. 제가 창가 자리에 앉아서 그랬던 것일 수도 있긴 해요.",5
0,라파즈,커피 잘몰라서 추천해주시는걸로 원두 구매했었는데 맛있어요또 사러가고싶은데 두번째 방문때 지난번에 왔던거 기억하셔서 좀 시간이 지나면 다시가려구요,5
0,라파즈,여유있고 분위기도 너무 좋아서 들어왔는데! 음료랑 케익도 다 맛나고 좋았어용!ㅎ 여긴 한켠에 꽃고 파네용!!ㅎ 소개팅장소로도 좋을듯해요!!,5
0,라파즈,여기오면 기분좋아여 식물들 가득함,5
0,라파즈,Coffee,3
0,라파즈,커피맛이..  여기가 최고..  왠만한데 커피를 잘 못먹을 정도로 여기가 최고...,5
0,스위티두,경희대 최고의 카공플레이스가 아닐까 싶습니다,5
0,스위티두,아래 리뷰에 관한 글을 확인하고 답장을 달줄 몰라 이렇게 답니다 직원이 녹차 들어간거 같다고 한 손님이 있다는 얘길 들었었고 브륄레블랜디드와 브륄레밀크티를 주문한 걸로 알고 있습니다 애시당초 브륄레 밀크티 자체가 차가 들어가 있고 그당시 밀크티는 우롱차 베이스를 선택했고 먹었을때 녹차라고 느꼈을 수도 있을 겁니다 그리고 브륄레블랜디드라는 음료도 밀크티를 얼음으로 갈아서 만들었기 때문에 당연히 음료에서 차맛이 느껴질 것입니다 고객님께서 음료에 대해서 입맛이 안맞고 맛이 없다고 하시는건 당연히 이해가 가지만 저희 매장이 위생 관리를 못해서 음료를 제조하면서 다른 음료맛이 나는것처럼 보실 수 있기에 답장을 달게 되었습니다 스위티두는 2018년 6월에 오픈하여 지금까지 운영중이고 앞으로도 위생적인 부분에 대해서도 최선을 다하겠습니다 방문해 주셔서 감사드리고 혹평 또한 참고하여 더욱 많은 분들이 만족하실 수 있게 노력하겠습니다 감사합니다,5
0,스위티두,녹차맛이 나요 모든 음료에개인적으로 제가 먹었던 모든 카페 음료 중 제일 별로네요 ㅠㅠㅠㅠㅠㅠㅠㅠㅠㅠㅠ,1
0,스위티두,공부하기 좋습니다,5
0,스위티두,실타래케이크 맛있음,5
0,스위티두,맛 좋다,4
0,스위티두,흑당밀크티 너무 맛있어요!,5
0,스위티두,다들 공부하는 조용한 분위기이고 내부도 깔끔하고 밝은 분위기도 정말 좋아요! ㅎㅎ,4
0,카페도기,,5
0,카페도기,그때그때에 방문하는 강아지들 따라 차이가 있는 거 같아요. 제가 갔을 때는 개 짖는 소리가 시끄러웠어요. 큰 소음이 불편하신 분은 피하세요.,2
0,카페도기,,1
0,카페도기,영업시간 확인하고 토요일 아침 11시에 찾아갔는데 문이 닫혀있었습니다. 별점이 좋아서 멀리서 온 친구랑 강아지 데리고 가려고 몇 주 전부터 알아봤었는데 저금 당황스러웠어요 ^^;;,2
0,카페도기,저희 애기들 데리고 자주 오는 곳인데 사장님도 잘 신경써주셔서 좋아요ㅎㅎ 정신없지 않고 편하게 애기들 데리고 놀러오기 좋아요!,5
0,카페도기,강아지 카페임에도 냄새 하나도 안나고 아이들도 너무 깨끗하게 관리가 잘 되어 있어요!!!! 정말 좋은 곳 인것 같아요,5
0,카페도기,강아지들도 순하고 음료랑 음식도 맛있어요.ㅋㅋ강아지 포토존이 젤짱임ㅋㅋ,5
0,아임홈,빙수 먹으러 자주 가요,5
0,아임홈,바나나 푸딩이 달지만 맛있고 내부 인테리어가 신선해서 좋아요 쿠폰도 한번에 4개나 찍어주셨습니다 굿,5
0,아임홈,알리오 올리오가 나와서 당황;;(바질 파스타 시킴)메뉴명을 알리오 올리오 파스타(바질 가루 첨가 0.05%) 로 변경해야 함아래 후기 처럼 서빙 실수도 있었고 대기 시간도 길었지만 음식맛이랑 풍경은 최고^^b,2
0,아임홈,코코넛 빙수 짱 맛있었는데 오늘 왜이리 싱거워 졌죠? 견과류 피칸도 양이 적고 우유 얼음도 적고 팥도 2층이었는데 1층만 주고코코넛 젤리도 반은 맛이 가서 물컹거리고얼음도 예전엔 와삭와삭 맛있게 갈렸는데 지금은 그냥 쌩얼음 너무 씹히고정말 해도해도 너무하네 내가 여기 맛있다고 회사 선배들이 딴데 가자고 하는거 내가 우겨서 다 여기 데리고 왔는데 지금 욕처먹고 아주 다들 나를 뿅뿅 보듯이 하고 아주 환장하겠네 진짜아휴 속이 안풀려,1
0,아임홈,,5
0,아임홈,"아침햇살에 밥먹기 좋은장소단점: 1.주문 잘못 받는 경우가 꽤 있었다. 파스타를 시켰는데 샐러드로 나오는 등..(견과류 못먹는게 있어 그 부분만 이상이 없다면 먹으려고 했지만, 본인도 뭐가 들어가는지 확신을 못하기도 함.)2. 점심인데 파스타 넓은 면이 없다고.. 투움바를 얇은 면으로 해줌.3.추가, 다시 방문했더니 음료를 잘못주셨다. 더이상 안갑니다. 동일손님한테 동일 운영자(여자셋) 3번이상 주문오류 난건 이상한거임. 그전 사장님 두분이서 운영하실땐 정말 잘만 다녔음. 번창하십쇼",1
0,아임홈,음식이나 장소는.이쁜데 나 잘못한거 없고 매출 늘려주러 왔고 물어보는게잘못됐나.. 친구랑 같이왔으면 아c8 이러고 그냥 나갈 분위기. 음식만보고 가심 갠춘함.분위기는 아주 만점 ♡♡맛도좋음,1
0,아임홈,,1
0,아임홈,'맛은' 있어요. 사장님 홀 서버가 더 필요해 보여요!!! 주중 점심에 갔는데 홀이 너무 너무 바빠 테이블 정리가 늦고 음식도 매우 늦게 나오구요..,2
0,아임홈,맛은 있는데 여기 여자주인분이 불친절해요 ㅠ.. 남자주인분은 안그러신데;; 여자분이 좀 더 융통성있고 친절하게 해주시면 좋을것같아요..;;,1
0,아임홈,맛있었는데 불친절함에 당황스러움..아래 1점이 왜인줄 알것같네요. 작년에 별1개 평가도 직접 가보니 이해가 갑니다.,1
0,아임홈,두 번 다신 안간다.,1
0,아임홈,,4
0,아임홈,여기만큼 밥값하는 데도 드물다 친절하고 맛이나 양도 만족스러움,5
0,아임홈,브런치 조금 시간걸리는데 그만큼 정성과 맛이 있습니다. 정말 맛있게 먹었어요,5
0,아임홈,분위기 좋아보여서 갔는데맛은 그냥 쏘쏘하고주문한거도 잘못나오고무엇보다 불친절해서 그냥 바로나옴두번다신 안갈꺼에요,1
0,아임홈,"깔끔한 인테리어와 사장님의 친절한 서빙으로 마음 이 따뜻해짐을 느낄수 있고, 주문후에 맛있고 따뜻한 빵과함께 나오는 브런치로 왜 가게 이름이 아임홈인지 알수 있는 가게... 다른 음식도 궁금하고 저녁에 와인한잔하러 가고 싶다는 생각이 들었어요",5
0,아임홈,"Amazing food and amazing vibe. if you want some feel of good ol diner, you're welcome x□",5
0,아임홈,졸졸졸 흐르는 시냇물을 감상할수 있는 뷰아기자기한 인테리어푸짐하고 데코도 멋진데 눈이 즐거운 것에 비해자면맛은 쏘쏘식전빵으로 나오는 시나몬빵이 제일 맛있음,2
0,카페원모어 영통점,,5
0,카페원모어 영통점,,5
0,카페원모어 영통점,레터링도시락케이크 주문했었는데 넘 귀엽고 맛있어요!,5
0,카페원모어 영통점,,5
0,카페원모어 영통점,,5
0,카페원모어 영통점,귀여운데? 맛도 있답니다? 냠냠굿,5
0,카페원모어 영통점,커피도 맛있고 레터링 케이크도 진짜 고퀄이라 기념일있을때마다 주문해요,5
0,유마카롱,꼬끄가 돌이에요…,1
0,유마카롱,완전맛있어요!,5
0,유마카롱,"친절하시구 마카롱도 엄청 달고 막 그러지 않고 맛있어용 ㅜㅜ 뚱뚱한 초코 쿠키도 최고,,",5
0,유마카롱,"마카롱, 음료 맛있어요",5
0,유마카롱,여기 생딸기크림치즈 마카롱은 진짜 칭찬해야 된다.. 2800원밖에 안되는 돈에 왕(?)만한 딸기 들어간거 진짜 칭찬해...ㅠㅠㅠㅠ 항상 좋은 재료만 사용하시려는 사장님 마음이 보임❤❤ 자주 가는 곳인데 항상 친절하게 챙겨주셔서 다른 사람들도 다 꼭 가봐야된다❣❣❣,5
0,유마카롱,맛은 평범하구요 좀 더 친절하게 설명해주시면 좋겠네요,2
0,유마카롱,,2
0,카페 피켈,맛있어요 좋아요,5
0,카페 피켈,별로 기대 안했는데 은근 분위기 좋음. 성공적~ 근데 주차는 안좋음,4
0,카페 피켈,인테리어 너무 좋고 분위기도 좋아요 자주 가고 싶은 카페!,5
0,카페 피켈,Fireplace,3
0,카페 피켈,"갬성 있는 분위기가 좋았고, 깔루아커피랑 뱅쇼 맛있었다! 주차는 좀 불편 ㅠ",4
0,카페 피켈,불멍가능한 카페 처음봐요~캠핑해보고싶었는데 카페가서 그게 가능할지 몰랐어요❤️ 사장님도 친절하시고 세련된 카페 오랜만이였습니다,5
0,카페 피켈,사장님 친절하구 음료도 맛있고장작 타는 소리와 함께 불멍하며 힐링하고 갑니다,5
0,오로라마카롱,맛 최고 서비스 최고 그냥 다 최고솔직 방문기...!https://choeseunggu.tistory.com/494,5
0,37.5 수원신동점,1. 확실히 맛있다. 어떤 메뉴를 시키든 평균 이상의 맛은 보장되는듯하다.  1) 치킨텐더 샐러드는 치킨텐더가 양도많고 바삭하고 양념도 잘 배어있다. 2) 국물파스타(짬뽕아님)는 얼큰한 느낌의 파스타다. 알단테로 즐기는 짬뽕같다. 3) 리조또는 내꺼 아니라서 맛을 잘 못봤다. 괜찮은 맛이었음2. 가격이 비싸다. 어른 둘이가면 4~5만원은 기본으로 나온다.3. 손님 친화적이지 않다. 1) 화장실이 좀 지저분하다. 2) 호출벨이 없어서 손님이 붐빌때 불편하다. 3) 상당히 낡은 플라스틱 유아용 숟가락을 제공한다. 포크는 없다.음식맛이 아까운 집이다. 이런점만 고치면 평점이 더 올라갈듯하다.,4
0,37.5 수원신동점,음식은 맛있게 먹었는데요~카운터에 계신 문신있는 직원분 서비스 마인드가 없으신 것 같아요... 오징어가 너무 커서 가위를 달라고 했는데 주방에서 방금까지 막쓴듯한 밀가루 묻은 가위를 주시더라구요.... 마감시간 전인데 물도 다 치우시고요;;; 장사할 마음이 없으신 것 같아요;,2
0,37.5 수원신동점,직원 일하는 태도와 주문 받는 시스템이 너무 비효율적이에요.주문을 카운터에서만 받는데 직원이 손님이 들어오는지도 몰라서 메뉴판을 손님한테 안갖다주면 손님은 아무것도 모르고 앉아있지 않겠어요..?비니쓴 남자직원도 반말 찍찍하고 여자직원분도 너무 불친절하게 다른 손님들 응대하는 것 보면서 밥먹는 내내 기분이 점점 나빠졌어요. 맛이 괜찮다고 해서 왔는데 다시는 안올거같습니다ㅠㅠ 밑에 5점준분들은 어딜 가든 5점 주시는 분들이에요,1
0,37.5 수원신동점,음식 다 먹어가는데 주문한 커피가 안나와서 문의했더니 스팀이 하나라고 기다리라고함음식 다 먹고 났더니 시키지 않은 다른음료를 직원이 가지고 나타남 고객 응대 수준이 꽝임돈 쓰고 기분 완전 잡침,1
0,37.5 수원신동점,"브런치 맛있고, 음악도 좋아요.",5
0,37.5 수원신동점,"맛은 먹을만 하나 서비스로써의 점수 0점여러메뉴를 시켰으나 다른 테이블이 없어서인지 빨리 나가라는건지 조명, 음악을 끔으로써의 분위기를 없앰(오후7시경이였음) 마지막으로 밖에서 담배피면서 인사 전혀없음들어갈때도 인사없고 나올때도 인사없음 진심 최악입니다",1
0,37.5 수원신동점,,4
0,37.5 수원신동점,비싸고 맛은 그저그럼,2
0,37.5 수원신동점,너무 맛있게 잘 먹었네요  :) 추천메뉴 물어봤는데 직원분들도 친절하게 잘 알려주시고 예쁜 공간에서 잘먹고 잘 놀다 가네요~,5
0,37.5 수원신동점,"중요한 약속이 있어서 왔는데, 만족하고 갑니다.맛있어요!!",5
0,37.5 수원신동점,인테리어도 예쁘고 사진도 예쁘고 창이 넓어 공원 경치 뷰도 너무 예쁘고명란크림파스타 너무너무 맛있고 분위기도 좋아요 :  )다른 지점들도 자주 가보지만 늘 맛있어서 좋아요~잘먹고 갑니다  :  ),5
0,37.5 수원신동점,아 여기 나름 농가의하루와 함께 신동수변공원 대표하는 음식점이었는데...직원들 관리 잘못한듯..셋이 우루루 담배를 피러가질않나..손님이 와도 보는둥마는둥...,1
0,37.5 수원신동점,음.... 네이버 평가는 믿지마세요. 맛은 없습니다 분위기는 좋아요. 시킨 캔음료가 제일 맛있었습니다.,1
0,37.5 수원신동점,"최악이네요 서비스콜라 시켰는데 식사 끝날쯤에 콜라가 반쯤 들어있는 컵이 더러운걸 발견했어요 사과도 제대로 안 하시고 ""컵이 덜 씻겼나봐요"" 하고 끝.새로운 콜라 주시길래 식사 다해서 괜찮다고 했어요 저는 콜라값 빼주실줄 알았는데 아니네요37.5위례점도 가봤는데 37.5신동점이 서비스가 별로여서인지 맛도 덜한 거 같아요^^",1
0,37.5 수원신동점,,5
0,37.5 수원신동점,브런치 괜찮아요!,3
0,37.5 수원신동점,밥먹고있는데 뒤테이블 사람들 다나갔다고 불을 꺼버리는 클라스.. 내 식사중 채광권은 어디에..?창가자리가 예뻐서 창가자리 앉고싶었는데 인원수 맞춰서 앉으라고 구석진곳으로 안내.. 융통성제로 알리오 올리오는 소스와 면을 합칠때 충분히 볶지 않은듯 모든 맛이 따로놀고있으며 다진마늘의 맛이 익지않은 자연그대로의 생마늘맛. 음식이 엄청 미지근한 상태로 나옴.브런치는 프렌치토스트는 눅눅. 팬케이크도 눅눅 물론 다식은상태(프렌치토스트랑 팬케이크가). 그냥 싸구려 조식뷔페가서 그릇에 이쁘게 담은수준. 평소에 입맛이 까다롭지 않고 왠만해선 음식 안남기는 사람인데 배고파서 억지로 먹다가 조금 남기고왔습니다.오렌지에이드랑 커피는 맛있어여 :),1
0,37.5 수원신동점,우선 직원이 불친절해요. 직원인지 사장인지는 모르겠음..알리오올리오는 그냥 생다진마늘파스타같고브런치는 그럭저럭이에요.음식이 예뻐보이긴 하니까 사진찍는데는 무리없을실거에요!제일 맛있던게 오렌지에이드. 오렌지에이드 추천..,2
0,37.5 수원신동점,파스타는 맛있는데함박스테이크는최악파스타때문에2점 함박스테이크최악점원도 불친절함,2
0,37.5 수원신동점,파스타 기준 어디서나 맛볼수 있는집입니다.빠에야는 그냥 해산물 리조또이지 빠에야는 아니네요,3
0,37.5 수원신동점,브런치 혜자 ㅇㅇ 근데 주말에 브레이크 타임 다되어가는데 자리 많이 비엇는데 정원수대로만 테이블 앉게 하는 융통성 없는 그런건 좀 바꿧으면 좋겠네. 심지어 둘이서 메뉴 3개시캿는데 그래서 상이 너무 작잖아... 답답하다 답답해,4
0,프리스콜레 광교점,,3
0,프리스콜레 광교점,,5
0,프리스콜레 광교점,자기들 게임하느라 불러도 안옴 설명도 해주기 싫어하는거 엄청 티남일부러 모서리에 앉았고 커피 마시면서 하는데 cctv로 보고있다가 바로 와서 마스크 쓰라고 5분에 한번씩 말함 진짜 스트레스 혼나러 간 기분,1
0,프리스콜레 광교점,시설 자체는 깔끔했는데 보드게임들이 많이 낡긴 했다,4
0,프리스콜레 광교점,종류많고 ㄹㅇ재밌어요..음식 가격도 착함,5
0,프리스콜레 광교점,사장님이 친절하시고 보드게임 종류가 다양해요. 가게 내부가 넓고 쾌적해서 좋았어요. 이거 게임 이름 뭐더라... 머리 아픈데 재밌어요... ⁺◟(◍˙▾˙◍)◞⁺  ◟( ˘ ³˘)◞ (~˘▾˘)~  (*˘︶˘*).:*,5
0,프리스콜레 광교점,직원들이 자기들끼리 게임하느라 손님이 와도 모릅니다..ㅎㅎ 불친절해요,1
0,프리스콜레 광교점,진짜 보드게이머들 있는곳!,5
0,프리스콜레 광교점,손님보는거보다 본인들 게임하기 바쁨음료는 얼음이 대부분,2
0,프리스콜레 광교점,갔는데 설명도 제대로 안해주고 가게도 덥고 두번은 안갈곳 평점 한개도 아깝네요,1
0,쿵로스터리,여긴 진짜 아메리카노 뿐만 아니라 티라미슈도 엄청나요 티라미슈 추천해요!,5
0,쿵로스터리,숨겨진 알찬 카페삼성주변 자취러들이 모이는 곳이기도 함,5
0,쿵로스터리,,5
0,쿵로스터리,최고의 커피집.직접 로스팅한 커피에 수제 쿠키들까지 정말 맛있습니다. 공간도 넓고 천장도 높아서 굉장히 쾌적하네요.강추합니다.,5
0,쿵로스터리,크림 첫 맛이 끝내줍니다.,5
0,쿵로스터리,핸드드립도 맛있고 아메리카노도 맛있는데 갈때마다 친절하셔서 기분 좋은 카페. 카페 공간도 넓어서 편해요! 구매한 원두도 거의 다 마셔서 또 사러 가려합니다 :),5
0,쿵로스터리,망포 카페 유랑하다 찾았어요 핸드드립이 맛있음,5
0,쿵로스터리,,5
0,쿵로스터리,커피 너무 맛있어요!!!!!!아인슈페너 휘핑도 직접 처서주신다고ㅋㅋㅋㅋ맛있슴다,5
0,쿵로스터리,망포커피의 희망,5
0,쿵로스터리,말차라떼 짱짱! 따뜻한 게 더 맛있어용!!항상 친절하시고 열정적이세요! 이사 갔는데도 가끔 찾아가는 곳입니당,5
0,쿵로스터리,항상 친절하세요 .. 따뜻한 말차 맛집입니다! 사장님이 안바쁠땐 라떼위에 아트도 해주세요 ! 항상 열정 가득모습 보기 좋습니다!,5
0,쿵로스터리,,5
0,투썸플레이스 수원망포역점,기냥 무난 조용하고 ㄱㅊㄱㅊ,4
0,투썸플레이스 수원망포역점,아침에 시간이 부족핸데 직원의 동작도 너무 느리고 태도도 그리 좋지 않아요. 그리고 저의 생각하기에는 인력이 부족할 땐 청소하는 거보다 손님에게 서비스를 제공하는 것이 더  중요하죠?,2
0,투썸플레이스 수원망포역점,CJ카드 제휴할인 10% 할줄을 모르네요ㅠㅠ 그래서 카드가 문제일 줄 알았는데.. 방금 동백점에서 정상적으로 할인 받았습니다.,1
0,투썸플레이스 수원망포역점,알바들 하나같이 다 불친절 아메리카노 나왔는데 불러주지도 않음 ㅡㅡ,1
0,투썸플레이스 수원망포역점,그냥 투썸임,3
0,투썸플레이스 수원망포역점,와이파이 장식입니다잘 안되요노트북으로 공부하러 오실 분들은 절대 오지 마세요근처의 다른 카페와 비교했을때 사람이 많이 있어서 그런것도 아닌데 와이파이 안되네요,1
0,투썸플레이스 수원망포역점,친절하고 음료도 괜찮은데 벽면이 약간 더럽고 에어컨에서 냄새가 납니다!,3
0,투썸플레이스 수원망포역점,늦은 시간까지 공부하는 카공족에게는 적절한 노래선정과 콘센트와 자리배치. 하지만 콘센트가 있는 자리는 거의 3-4명 좌석이기 때문에 사람이 없는 시간대 아니면 자리 잡기가 힘듦...자리 자체는 청결함!,3
0,투썸플레이스 수원망포역점,직원들은 일하러 나와있는지 놀러 나와있는지. 왜 그리 소란스러운지 웃고 떠들고...,1
0,투썸플레이스 수원망포역점,,3
0,커피흐름,,4
0,커피흐름,드립 아메리카노 라떼 얼그레이밀크티 진짜 맛나요원재료가 좋아서 커피에 단거 가미안된걸 드셔야 진가를 압니다,5
0,커피흐름,분명 커피인데 위스키를 마시는 것 같은 새로운 경험,5
0,커피흐름,아무 생각없이 들렀다가 커피맛에 매료됨매우 훌륭한 풍미를 지니고 있는 커피를 맛볼 수 있음.,5
0,커피흐름,,4
0,커피흐름,예가체프 아도르시 맛있다는 소문을 듣고 먹으러 갑니다.,5
0,커피흐름,30분 기다린 것 빼고 다 좋았음,4
0,커피흐름,드립장인스콘도 맛있다사실 걍 다 맛있음,5
0,커피흐름,,5
0,커피흐름,딴데가서 못마셔요,5
0,커피흐름,맛없는 메뉴가 없음,5
0,커피흐름,저렴한데 맛있기까지함,5
0,커피흐름,Coffee,4
0,커피흐름,드립커피를 정말 맛있게 내려주는 좋은 카페입니다♡,5
0,커피흐름,커피 맛집! 더치라떼 맛있어요~,5
0,커피흐름,진저라떼 따뜻한거랑 피치얼그레이티 아이스로 먹었는데 대박...... 둘 다 취저 제대로네여.... 매장도 조용하고 힐링하다가 가여*.* 다음에는 다른거 먹으러 와봐야겟어요!,5
0,커피흐름,최애카페♥,5
0,커피흐름,개인카페에서 디카페인있는 카페 처음봄! 완전 맛있음!,5
0,커피흐름,커피 맛있어요 :),5
0,커피흐름,훌륭한 곳. 수 많은 카페들이 1년도 못 채우고 먼지 같이 사라지는 이 동네의 절대 강자,5
0,커피흐름,매우 높은 수준의 드립커피를 맛볼 수 있는 곳.광교 그 어느 곳에서도 흐름만큼의 다양하고 맛있는 드립커피를 맛볼 수 없음.5.0,5
0,커피흐름,높은 수준의 스페셜티 커피를 맛볼 수 있음.,5
0,커피흐름,사장님 너무 친절하십니다!커피가 너무 맛있어서 원두도 구입했습니다.,5
0,커피흐름,커피가 정말 맛있어요 :)사장님도 친절하시고 편안한 분위기에 다양한 커피를 맛볼 수 있어 좋아요 :),5
0,커피흐름,사장님 친절하시고 커피 맛있고 가격 저렴하고 분위기 좋고. 적고보니 완벽하네 ㅋㅋ,5
0,베베놀,너무 재밌게 잘 놀았어요. 잘 쉬고 잘 먹고 잘 놀다가 갑니다. 사장님 친절하시구요. 쫄볶이 드세요. 2인분 이지만 맛있어서 혼자 드셔도 충분히 드실 수 있어요. 커피도 맛있구요. 플레이리스트도 좋았고 구석구석 배려 가득해서 비용 아깝지 않게 일행과 너무 좋았다고 이야기하면서 집에 갔네요. 예쁜 사진도 많이 남겼어요. 추천합니다.,5
0,베베놀,1부 2부타임 나눠져있어서 인원제한걸어요. 어른입장료가 살짝 비싼감이 있어요. 쫄면먹었어요. 건물이 엄청 허름하지만(입구에 담배쟁이들 바글바글) 막상 베카 들어가면 깔끔하게 잘해놨어요,4
0,베베놀,깨끗하고 인테리어도 좋고 장난감도 잘 관리되어있고 친절합니다,5
0,베베놀,,5
0,블렌드 영통점,짱 존맛탱,5
0,블렌드 영통점,브런치 맛있어용!가게는 굉장히 어두워서 공부하기에는 적합하지 않아요ㅎㅎ친절하시고 매장도 깨끗해서 좋았어요!,5
0,블렌드 영통점,맛있어요. 음식나오기까지 너무오래걸려요.주문하려고 카운터가서 계속 부르는데 잘 안나와보시고해서 좀 답답했어요.,3
0,블렌드 영통점,브런치맛있고 친절해요!,5
0,블렌드 영통점,여자 직원 진짜 불친절함. 정직원이면 어쩔수 없고 알바생이면 좀 다른 분을 구해보세요. 음식 시키기도 전에 기분나빠짐. 세번째 오는데 음식은 맛있어요.,2
0,블렌드 영통점,에그인헬 취향저격..브런치 전체적으로 맛있고 가격도 괜찮아요 근데 아가들과 함께 오는 손님들이 꽤 계셔서 조용한 카페 찾으시는 분들께는 비추!,5
0,블렌드 영통점,오전에 브런치 먹으러 평일 갔는데도사람많고 주문하고 꽤 기다렸어요.카페 내부는 별 볼 것 없는데직원들 친절하고 가성비 괜챦아서 그런가봐요.샌드위치 무난했어요.,4
